-- MySQL dump 10.13  Distrib 8.0.26, for Win64 (x86_64)
--
-- Host: 127.0.0.1    Database: lims_encrpted
-- ------------------------------------------------------
-- Server version	8.0.26

/*!40101 SET @OLD_CHARACTER_SET_CLIENT=@@CHARACTER_SET_CLIENT */;
/*!40101 SET @OLD_CHARACTER_SET_RESULTS=@@CHARACTER_SET_RESULTS */;
/*!40101 SET @OLD_COLLATION_CONNECTION=@@COLLATION_CONNECTION */;
/*!50503 SET NAMES utf8 */;
/*!40103 SET @OLD_TIME_ZONE=@@TIME_ZONE */;
/*!40103 SET TIME_ZONE='+00:00' */;
/*!40014 SET @OLD_UNIQUE_CHECKS=@@UNIQUE_CHECKS, UNIQUE_CHECKS=0 */;
/*!40014 SET @OLD_FOREIGN_KEY_CHECKS=@@FOREIGN_KEY_CHECKS, FOREIGN_KEY_CHECKS=0 */;
/*!40101 SET @OLD_SQL_MODE=@@SQL_MODE, SQL_MODE='NO_AUTO_VALUE_ON_ZERO' */;
/*!40111 SET @OLD_SQL_NOTES=@@SQL_NOTES, SQL_NOTES=0 */;

--
-- Table structure for table `audit_log`
--

DROP TABLE IF EXISTS `audit_log`;
/*!40101 SET @saved_cs_client     = @@character_set_client */;
/*!50503 SET character_set_client = utf8mb4 */;
CREATE TABLE `audit_log` (
  `log_id` int NOT NULL AUTO_INCREMENT,
  `block_id` int NOT NULL,
  `action_type` enum('INSERT','UPDATE','DELETE') NOT NULL,
  `timestamp` datetime DEFAULT CURRENT_TIMESTAMP,
  `user_id` varchar(255) NOT NULL,
  `status` enum('SUCCESS','FAILED') NOT NULL,
  `reason` text,
  PRIMARY KEY (`log_id`)
) ENGINE=InnoDB AUTO_INCREMENT=2 DEFAULT CHARSET=utf8mb4 COLLATE=utf8mb4_0900_ai_ci;
/*!40101 SET character_set_client = @saved_cs_client */;

--
-- Dumping data for table `audit_log`
--

LOCK TABLES `audit_log` WRITE;
/*!40000 ALTER TABLE `audit_log` DISABLE KEYS */;
INSERT INTO `audit_log` VALUES (1,7,'INSERT','2024-12-21 18:25:53','admin','SUCCESS','Sample Registration 24/000470');
/*!40000 ALTER TABLE `audit_log` ENABLE KEYS */;
UNLOCK TABLES;

--
-- Table structure for table `blockchain_ledger`
--

DROP TABLE IF EXISTS `blockchain_ledger`;
/*!40101 SET @saved_cs_client     = @@character_set_client */;
/*!50503 SET character_set_client = utf8mb4 */;
CREATE TABLE `blockchain_ledger` (
  `block_id` int NOT NULL AUTO_INCREMENT,
  `timestamp` datetime DEFAULT CURRENT_TIMESTAMP,
  `previous_hash` char(64) NOT NULL,
  `current_hash` char(64) NOT NULL,
  `digital_signature` varchar(512) NOT NULL,
  `previous_version_id` int DEFAULT NULL,
  `is_deleted` tinyint(1) DEFAULT '0',
  `status` enum('active','superseded') DEFAULT 'active',
  PRIMARY KEY (`block_id`)
) ENGINE=InnoDB AUTO_INCREMENT=8 DEFAULT CHARSET=utf8mb4 COLLATE=utf8mb4_0900_ai_ci;
/*!40101 SET character_set_client = @saved_cs_client */;

--
-- Dumping data for table `blockchain_ledger`
--

LOCK TABLES `blockchain_ledger` WRITE;
/*!40000 ALTER TABLE `blockchain_ledger` DISABLE KEYS */;
INSERT INTO `blockchain_ledger` VALUES (7,'2024-12-21 18:25:52','0000000000000000000000000000000000000000000000000000000000000000','786f88de62c87eae9032ae9818a0ea6552b04119a9e12a61c5c31850fd4da567','vVxmt0v6QZbtAXeX6fDapoK74/BtdZygwdExSRYJ37+DGVQz9n4UD+3sOiqOlREF1EjvnARxxMj93C/kcDzdGQJ+AErVar9+ZlUXMHgTwge+pvnIPDy+W6j+qqPbu+gIbcLuEG8YXKaenzYjk8JUO9Fwxt9jpIx3YE4ag0hwa44+Fb8uwGH5zMW7ZvsevHCS+8g3RtUx+EACwUN4suPTJ1Vif1zKQD87qYB6ec9pk0p+S8/5V96/ycBeoNRVjl8LsvIhO55BFtqwhqUfMgBEbKwHkvsXrfzPGmTRxLCz3UsLz67HpestU/pOYZ20aMAq7zXkUwlYIgz6aHaKjJLfkw==',NULL,0,'active');
/*!40000 ALTER TABLE `blockchain_ledger` ENABLE KEYS */;
UNLOCK TABLES;

--
-- Table structure for table `config`
--

DROP TABLE IF EXISTS `config`;
/*!40101 SET @saved_cs_client     = @@character_set_client */;
/*!50503 SET character_set_client = utf8mb4 */;
CREATE TABLE `config` (
  `confname` varchar(35) NOT NULL,
  `confvalue` longtext NOT NULL,
  PRIMARY KEY (`confname`)
) ENGINE=InnoDB DEFAULT CHARSET=utf8mb3;
/*!40101 SET character_set_client = @saved_cs_client */;

--
-- Dumping data for table `config`
--

LOCK TABLES `config` WRITE;
/*!40000 ALTER TABLE `config` DISABLE KEYS */;
INSERT INTO `config` VALUES ('CheckCreditLimits','1'),('Conformity','Whenever Labworks East Africa Ltd issues a statement of conformity, the decision rules are applied taking into considerations the uncertainty of measurements for the individual parameters. The statements shall be issued on outright &quot;PASS&quot; and outright &quot;FAIL&quot;. Conditional PASS or FAIL can maybe issued for borderline results at the discretion of the Laboratory.'),('CountryOfOperation','KE'),('DB_Maintenance','0'),('DB_Maintenance_LastRun','2013-05-25'),('DefaultDateFormat','d/m/Y'),('DefaultDisplayRecordsMax','50'),('DefaultPriceList','DE'),('DefaultTheme','xenos'),('DimensionID_1','0'),('DimensionID_2','0'),('ExchangeRateFeed','ECB'),('expire_time','20*60'),('FinancialYearBegins','2024-01-01'),('HighFile','companies/LIMSLABWORKS/database.sql'),('LowFile','companies/LIMSLABWORKS/database.sql'),('MonthsAuditTrail','1'),('OptimumFile','companies/LIMSLABWORKS/database.sql'),('reports_dir','companies/LIMSLABWORKS/reports'),('RomalpaClause','ACOUNT NAME: LABWORKS EAST AFRICA LIMITED&lt;br&gt;BANK: STANBIC BANK, KENYA&lt;br&gt;BRANCH: UPPERHILL&lt;br&gt;BANK CODE: 31000&lt;br&gt;BRANCH CODE: 010&lt;br&gt;ACCOUNT NUMBER:&lt;br&gt;BUSINESS ACCOUNT KES: 0100004721335&lt;br&gt;BUSINESS ACCOUNT USD: 0100004721343&lt;br&gt;SWIFT CODE: SBICKENX&lt;br&gt;PHYSICAL ADDRESS: STANBIC LIMITED, CHIROMO ROAD, P.O BOX 72833, 00200 NAIROBI&lt;br&gt;&lt;br&gt;'),('UpdateCurrencyRatesDaily','2017-09-28'),('VersionNumber','1.1.1');
/*!40000 ALTER TABLE `config` ENABLE KEYS */;
UNLOCK TABLES;

--
-- Table structure for table `debtors`
--

DROP TABLE IF EXISTS `debtors`;
/*!40101 SET @saved_cs_client     = @@character_set_client */;
/*!50503 SET character_set_client = utf8mb4 */;
CREATE TABLE `debtors` (
  `type` char(1) DEFAULT NULL,
  `istaff` int DEFAULT NULL,
  `cleared` tinyint(1) DEFAULT NULL,
  `pinno` char(20) DEFAULT NULL,
  `itemcode` varchar(20) DEFAULT NULL,
  `class` char(10) DEFAULT NULL,
  `cardadd` char(10) DEFAULT NULL,
  `contact` char(100) DEFAULT NULL,
  `defaultgl` char(10) DEFAULT NULL,
  `currbal` decimal(13,2) DEFAULT NULL,
  `flag` char(6) DEFAULT NULL,
  `creditlimit` decimal(14,2) DEFAULT NULL,
  `customer` varchar(50) DEFAULT NULL,
  `status` char(5) DEFAULT NULL,
  `firstn` char(10) DEFAULT NULL,
  `middlen` char(15) DEFAULT NULL,
  `lastn` char(10) DEFAULT NULL,
  `phone` char(15) DEFAULT NULL,
  `fax` varchar(50) DEFAULT NULL,
  `company` char(100) DEFAULT NULL,
  `altcontact` char(100) DEFAULT NULL,
  `email` char(100) DEFAULT NULL,
  `city` char(100) DEFAULT NULL,
  `country` char(100) DEFAULT NULL,
  `preffpay` char(10) DEFAULT NULL,
  `crdcardno` char(10) DEFAULT NULL,
  `inactive` tinyint(1) DEFAULT NULL,
  `namecrd` char(10) DEFAULT NULL,
  `postcode` char(100) DEFAULT NULL,
  `curr_cod` char(10) DEFAULT NULL,
  `curr_rat` decimal(9,5) DEFAULT NULL,
  `id` char(1) DEFAULT NULL,
  `i_n_t` char(1) DEFAULT NULL,
  `typ` char(2) DEFAULT NULL,
  `balance` decimal(18,4) DEFAULT NULL,
  `age1` bigint DEFAULT NULL,
  `age2` decimal(18,4) DEFAULT NULL,
  `age3` decimal(18,4) DEFAULT NULL,
  `age4` decimal(18,4) DEFAULT NULL,
  `pkey` bigint NOT NULL,
  `islocal` tinyint(1) DEFAULT NULL,
  `username` char(20) DEFAULT NULL,
  `customerposting` varchar(20) DEFAULT NULL,
  `salesman` varchar(10) DEFAULT NULL
) ENGINE=InnoDB DEFAULT CHARSET=utf8mb3;
/*!40101 SET character_set_client = @saved_cs_client */;

--
-- Dumping data for table `debtors`
--

LOCK TABLES `debtors` WRITE;
/*!40000 ALTER TABLE `debtors` DISABLE KEYS */;
INSERT INTO `debtors` VALUES ('',0,0,'','DrNA0000','','','','',0.00,'',0.00,'NAS Airport services','','','','','','','P.O BOX 19010 - 00501','','','Nairobi','Kenya','','',0,'','','KES',0.00000,'','','',0.0000,0,0.0000,0.0000,0.0000,0,0,'','General',''),('',0,0,'','Dr8','','','','',0.00,'',0.00,'Robert Kibugi                 ','','','','','0712110148','','','','rmkibugi@gmail.com','','Kenya','','',0,'','','KES',0.00000,'','','',0.0000,0,0.0000,0.0000,0.0000,8,0,'','General',''),('',0,0,'','Dr16','','','','',0.00,'',0.00,'Britania Foods Limited        ','','','','','0725836511','','19023, 00500 Nairobi','','amos.milowa@britania.co.ke','Nairobi','Kenya','','',0,'','','KES',0.00000,'','','',0.0000,0,0.0000,0.0000,0.0000,16,0,'','General',''),('',0,0,'','Dr10023','','','','',0.00,'',0.00,'Golder Europe                 ','','','','','+39 0112344211','','Banfo43 Centre 10155','+39 0112344211','rmezzalama@golder.it','Torino, Italia','Italy','','',0,'','','KES',0.00000,'','','',0.0000,0,0.0000,0.0000,0.0000,10023,0,'','General',''),('',0,0,'','Dr20030','','','','',0.00,'',0.00,'The Intrepid Safari Company','','','','','0713 399396','','P.O BOX .........','','brian.asembo@heritagehotels.co.ke','Narok','Kenya','','',0,'','','KES',0.00000,'','','',0.0000,0,0.0000,0.0000,0.0000,20030,0,'','General',''),('',0,0,'','Dr20038','','','','',0.00,'',0.00,'KEBS EAC PT                   ','','','','','','','','','agemboc@kebs.org','Nairobi','Kenya','','',0,'','','KES',0.00000,'','','',0.0000,0,0.0000,0.0000,0.0000,20038,0,'','General',''),('',0,0,'','Dr20046','','','','',0.00,'',0.00,'Hashi Energy Limited          ','','','','','','','P.O. BOX 10795-0100','','edwin.rukwaro@hashienergy.co.ke','NAIROBI','Kenya','','',0,'','','KES',0.00000,'','','',0.0000,0,0.0000,0.0000,0.0000,20046,0,'','General',''),('',0,0,'','Dr20054','','','','',0.00,'',0.00,'Ecolab E.A.(K) Ltd            ','','','','','3540625','','P.O. BOX 63497-00619','','kenya.info@ecolab.com','Nairobi','Kenya','','',0,'','','KES',0.00000,'','','',0.0000,0,0.0000,0.0000,0.0000,20054,0,'','General',''),('',0,0,'','Dr20065','','','','',0.00,'',0.00,'Menengai Oil Refineries       ','','','','','051 2212355','','P.O. BOX 2918-20100','','info@menengai.com','Nakuru','Kenya','','',0,'','','KES',0.00000,'','','',0.0000,0,0.0000,0.0000,0.0000,20065,0,'','General',''),('',0,0,'','Dr20073','','','','',0.00,'',0.00,'Prolab Limited','','','','','0725313160','','P.O. BOX 24556-00502','','prolab@promaco-ea.com','Nairobi','Kenya','','',0,'','','KES',0.00000,'','','',0.0000,0,0.0000,0.0000,0.0000,20073,0,'','General',''),('',0,0,'','Dr20081','','','','',0.00,'',0.00,'Keola Products Limited        ','','','','','','','','','lindalangat5@gmail.com','','Kenya','','',0,'','','KES',0.00000,'','','',0.0000,0,0.0000,0.0000,0.0000,20081,0,'','General',''),('',0,0,'','Dr20089','','','','',0.00,'',0.00,'Mulot Horticulture Cooperative','','','','','','','P.O. BOX','','','','Kenya','','',0,'','','KES',0.00000,'','','',0.0000,0,0.0000,0.0000,0.0000,20089,0,'','General',''),('',0,0,'','Dr20097','','','','',0.00,'',0.00,'Chandaria Industries Ltd      ','','','','','','','','','','Nairobi','Kenya','','',0,'','','KES',0.00000,'','','',0.0000,0,0.0000,0.0000,0.0000,20097,0,'','General',''),('',0,0,'','Dr20098','','','','',0.00,'',0.00,'Agventure Limited             ','','','','','','','P.O. BOX 218-10406','','','Timau','Kenya','','',0,'','','KES',0.00000,'','','',0.0000,0,0.0000,0.0000,0.0000,20098,0,'','General',''),('',0,0,'','Dr20099','','','','',0.00,'',0.00,'Faith Cherono                 ','','','','','','','','+254 700803353','','Thika','Kenya','','',0,'','','KES',0.00000,'','','',0.0000,0,0.0000,0.0000,0.0000,20099,0,'','General',''),('',0,0,'','Dr20090','','','','',0.00,'',0.00,'Elijah Muigai                 ','','','','','','','P.O. BOX ............','','','Nairobi','Kenya','','',0,'','','KES',0.00000,'','','',0.0000,0,0.0000,0.0000,0.0000,20090,0,'','General',''),('',0,0,'','Dr20091','','','','',0.00,'',0.00,'NCCL- Kaloleni                ','','','','','+254 727366780','','P.O. BOX','','','','Kenya','','',0,'','','KES',0.00000,'','','',0.0000,0,0.0000,0.0000,0.0000,20091,0,'','General',''),('',0,0,'','Dr20092','','','','',0.00,'',0.00,'Mark Grown Enterprises Ltd    ','','','','','','','P.O. BOX.............','','','Nairobi','Kenya','','',0,'','','KES',0.00000,'','','',0.0000,0,0.0000,0.0000,0.0000,20092,0,'','General',''),('',0,0,'','Dr20093','','','','',0.00,'',0.00,'Wins Town                     ','','','','','+254 726695066','','P.O. BOX ............','','','Nairobi','Kenya','','',0,'','','KES',0.00000,'','','',0.0000,0,0.0000,0.0000,0.0000,20093,0,'','General',''),('',0,0,'','Dr20094','','','','',0.00,'',0.00,'Leinad Enterprises            ','','','','','0737501479','','P.O. BOX ............','','leinadenterprises@gmail.com','Nairobi','Kenya','','',0,'','','KES',0.00000,'','','',0.0000,0,0.0000,0.0000,0.0000,20094,0,'','General',''),('',0,0,'','Dr20095','','','','',0.00,'',0.00,'Earthview Geo-consultants     ','','','','','+254 725868653','','P.O. BOX 10366','','earthview@geological.com','Nairobi','Kenya','','',0,'','','KES',0.00000,'','','',0.0000,0,0.0000,0.0000,0.0000,20095,0,'','General',''),('',0,0,'','Dr20096','','','','',0.00,'',0.00,'Analabs Ltd                   ','','','','','','','162-00625','','dokwaro@analabs.co.ke','Nairobi','Kenya','','',0,'','','KES',0.00000,'','','',0.0000,0,0.0000,0.0000,0.0000,20096,0,'','General',''),('',0,0,'','Dr20100','','','','',0.00,'',0.00,'Toma Millers Limited          ','','','','','+254 722690335','','P.O. BOX 65588-00607','','tgakobo@gmail.com','Nairobi','Kenya','','',0,'','','KES',0.00000,'','','',0.0000,0,0.0000,0.0000,0.0000,20100,0,'','General',''),('',0,0,'','Dr20113','','','','',0.00,'',0.00,'Ol Tukai Lodge','','','','','','','P.O. Box 45403','','','Nairobi','','','',0,'','00100','KES',0.00000,'','','',0.0000,0,0.0000,0.0000,0.0000,20113,0,'','General',''),('',0,0,'','Dr20114','','','','',0.00,'',0.00,'JT- Kitengela                 ','','','','','+254 722158098','','P.O. BOX ............','','','Nairobi','Kenya','','',0,'','','KES',0.00000,'','','',0.0000,0,0.0000,0.0000,0.0000,20114,0,'','General',''),('',0,0,'','Dr20115','','','','',0.00,'',0.00,'Orieco Limited                ','','','','','0723 082259','','P.O. BOX 111','','orieco2013@gmail.com','Ukunja','Kenya','','',0,'','','KES',0.00000,'','','',0.0000,0,0.0000,0.0000,0.0000,20115,0,'','General',''),('',0,0,'','Dr20116','','','','',0.00,'',0.00,'Toprich Oils Kenya Ltd        ','','','','','+254 710390247','','P.O. BOX ............','','toprichmotorcycles@gmail.com','Nairobi','Kenya','','',0,'','','KES',0.00000,'','','',0.0000,0,0.0000,0.0000,0.0000,20116,0,'','General',''),('',0,0,'','Dr20117','','','','',0.00,'',0.00,'254 Brewing Company Ltd       ','','','','','+254 720704519','','P.O. BOX 693-00902','','rono@254brewing.com','Kikuyu','Kenya','','',0,'','','KES',0.00000,'','','',0.0000,0,0.0000,0.0000,0.0000,20117,0,'','General',''),('',0,0,'','Dr20118','','','','',0.00,'',0.00,'CICO                          ','','','','','+254 758395531','','P.O. BOX ............','','','Nairobi','Kenya','','',0,'','','KES',0.00000,'','','',0.0000,0,0.0000,0.0000,0.0000,20118,0,'','General',''),('',0,0,'','Dr20101','','','','',0.00,'',0.00,'NatureLock LLP                ','','','','','','','P.O. BOX.............','','','Nairobi','Kenya','','',0,'','','KES',0.00000,'','','',0.0000,0,0.0000,0.0000,0.0000,20101,0,'','General',''),('',0,0,'','Dr20150','','','','',0.00,'',0.00,'Oryx Energies Kenya Limited','','','','','','','P.O. Box 12403 - 00100','','','Nairobi','Kenya','','',0,'','','KES',0.00000,'','','',0.0000,0,0.0000,0.0000,0.0000,20150,0,'','General',''),('',0,0,'','Dr20151','','','','',0.00,'',0.00,'High Chem                     ','','','','','','','P.O BOX 30467-00100','','info@highchem.co.ke','Nairobi','Kenya','','',0,'','','KES',0.00000,'','','',0.0000,0,0.0000,0.0000,0.0000,20151,0,'','General',''),('',0,0,'','Dr20152','','','','',0.00,'',0.00,'Rubicon Group ','','','','','','','','Brian Kuria','','','','','',0,'','','KES',0.00000,'','','',0.0000,0,0.0000,0.0000,0.0000,20152,0,'','General',''),('',0,0,'','Dr20153','','','','',0.00,'',0.00,'Sanergy Kenya Ltd             ','','','','','','','P.O. BOX 24523-00100','','','Nairobi','Kenya','','',0,'','','KES',0.00000,'','','',0.0000,0,0.0000,0.0000,0.0000,20153,0,'','General',''),('',0,0,'','Dr20154','','','','',0.00,'',0.00,'Vikil Solutions Ltd           ','','','','','+254 742805500','','P.O. BOX . 66114-00800','','','','Kenya','','',0,'','','KES',0.00000,'','','',0.0000,0,0.0000,0.0000,0.0000,20154,0,'','General',''),('',0,0,'','Dr20155','','','','',0.00,'',0.00,'Cleo Nature                   ','','','','','','','','','','','Kenya','','',0,'','','KES',0.00000,'','','',0.0000,0,0.0000,0.0000,0.0000,20155,0,'','General',''),('',0,0,'','Dr20156','','','','',0.00,'',0.00,'Sukari Industries Ltd-Moyoi Un','','','','','','','P.O. BOX  233','','','Kilgoris','Kenya','','',0,'','','KES',0.00000,'','','',0.0000,0,0.0000,0.0000,0.0000,20156,0,'','General',''),('',0,0,'','Dr20157','','','','',0.00,'',0.00,'Peter Odhiambo                ','','','','','+254 714011369','','P.O. BOX 38227-00100','','opeodhiambo@gmail.com','Nairobi','Kenya','','',0,'','','KES',0.00000,'','','',0.0000,0,0.0000,0.0000,0.0000,20157,0,'','General',''),('',0,0,'','Dr20158','','','','',0.00,'',0.00,'Willium Mole                  ','','','','','+254 716095741','','','','','','','','',0,'','','KES',0.00000,'','','',0.0000,0,0.0000,0.0000,0.0000,20158,0,'','General',''),('',0,0,'','Dr20159','','','','',0.00,'',0.00,'Christine Mutui               ','','','','','+254 722429272','','','','christinemutuyi@gmail.com','','Kenya','','',0,'','','KES',0.00000,'','','',0.0000,0,0.0000,0.0000,0.0000,20159,0,'','General',''),('',0,0,'','Dr20160','','','','',0.00,'',0.00,'Platinum Distillers LTD       ','','','','','+254 711106024','','','','platinumdistillers@gmail.com','','Kenya','','',0,'','','KES',0.00000,'','','',0.0000,0,0.0000,0.0000,0.0000,20160,0,'','General',''),('',0,0,'','Dr20161','','','','',0.00,'',0.00,'Brown\'s Foods                 ','','','','','+254 716952308','','P.O. BOX  41112-00100','','ola@browns.cheese.co.ke','Nairobi','Kenya','','',0,'','','KES',0.00000,'','','',0.0000,0,0.0000,0.0000,0.0000,20161,0,'','General',''),('',0,0,'','Dr20162','','','','',0.00,'',0.00,'Devyani Food Industries (K)Ltd','','','','','','','P.O. BOX 102-20100.','','khusal.sinh@dfkl.com','Nakuru','Kenya','','',0,'','','KES',0.00000,'','','',0.0000,0,0.0000,0.0000,0.0000,20162,0,'','General',''),('',0,0,'','Ar20165','','','','',0.00,'',0.00,'Villa Rosa Kempinski','','','','','0720498885','','Villa Rosa Kempinski 00800 Nairobi, Chiromo Road','','william.oyuga@kempinski.com','Nairobi','Kenya','','',0,'','','KES',0.00000,'','','',0.0000,0,0.0000,0.0000,0.0000,20165,0,'','General',''),('',0,0,'','Ar20166','','','','',0.00,'',0.00,'KEMFRI','','','','','0726215339','','P.O.BOX  81651','','ochiengokuku2003@yahoo.com','MOMBASA','Kenya','','',0,'','80100','KES',0.00000,'','','',0.0000,0,0.0000,0.0000,0.0000,20166,0,'','General',''),('',0,0,'','Ar20167','','','','',0.00,'',0.00,'ACME Containers Limited','','','','','0706963062','N/A','P.O.BOX  11092-00400','N/A','nikojunga@gmail.com','Kiambu','Kenya','','',0,'','N/A','KES',0.00000,'','','',0.0000,0,0.0000,0.0000,0.0000,20167,0,'','General',''),('',0,0,'','Ar20168','','','','',0.00,'',0.00,'Sunveat Foods Limited ','','','','','+254733191819','','P.O BOX 8173- 01000','','sales@sunveat.co.ke','Thika','Kenya','','',0,'','','KES',0.00000,'','','',0.0000,0,0.0000,0.0000,0.0000,20168,0,'','General',''),('',0,0,'','Ar20169','','','','',0.00,'',0.00,'Vincent Oduor','','','','','','','','','','','','','',0,'','','KES',0.00000,'','','',0.0000,0,0.0000,0.0000,0.0000,20169,0,'','General',''),('',0,0,'','Ar20170','','','','',0.00,'',0.00,'Vincent Oduk','','','','','','','','','','','','','',0,'','','KES',0.00000,'','','',0.0000,0,0.0000,0.0000,0.0000,20170,0,'','General',''),('',0,0,'','Ar20171','','','','',0.00,'',0.00,'Maryland Art Cakes Ltd','','','','','0721476098','','P.O BOX 948-00902','','','Kikuyu','Kenya','','',0,'','','KES',0.00000,'','','',0.0000,0,0.0000,0.0000,0.0000,20171,0,'','General',''),('',0,0,'','Ar20172','','','','',0.00,'',0.00,'Fairoils','','','','','+254719762543','N/A','0526','N/A','rhoda.mwikali@fairoils.com','Nairobi','Kenya','','',0,'','0502','KES',0.00000,'','','',0.0000,0,0.0000,0.0000,0.0000,20172,0,'','General',''),('',0,0,'','Ar20173','','','','',0.00,'',0.00,'Grassroots Water Limited','','','','','0729012012','','','','grassrootswater@gmail.com','Nairobi','Kenya','','',0,'','','KES',0.00000,'','','',0.0000,0,0.0000,0.0000,0.0000,20173,0,'','General',''),('',0,0,'','Ar20174','','','','',0.00,'',0.00,'Vetpro Ltd','','','','','0722784955','','541-10100','','Gaitho Nyokabi','Nyeri','Kenya','','',0,'','','KES',0.00000,'','','',0.0000,0,0.0000,0.0000,0.0000,20174,0,'','General',''),('',0,0,'','Ar20175','','','','',0.00,'',0.00,'Maisha Minerals and Fertilizer','','','','','0756020379','','P.O BOX 33319-00600','','lab.athi@nccke.com','Nairobi','Kenya','','',0,'','','KES',0.00000,'','','',0.0000,0,0.0000,0.0000,0.0000,20175,0,'','General',''),('',0,0,'','Ar20176','','','','',0.00,'',0.00,'Rainbow Fresh Creameries (K) Ltd','','','','','','','','','muriithifrancis@gmail.com','','','','',0,'','','KES',0.00000,'','','',0.0000,0,0.0000,0.0000,0.0000,20176,0,'','General',''),('',0,0,'','Ar20177','','','','',0.00,'',0.00,'Francis Kariuki','','','','','0721717030','','','','muriithifrancis@gmail.com','','','','',0,'','','KES',0.00000,'','','',0.0000,0,0.0000,0.0000,0.0000,20177,0,'','General',''),('',0,0,'','Ar20178','','','','',0.00,'',0.00,'Dairyland Company Limited','','','','','','','P.O BOX','','patrick.koech@dairylandea.com','Nairobi','Kenya','','',0,'','Enterprise Road A','KES',0.00000,'','','',0.0000,0,0.0000,0.0000,0.0000,20178,0,'','General',''),('',0,0,'','Ar20179','','','','',0.00,'',0.00,'Isaac Thiuta','','','','','','','P.O. BOX 2041-00202','','thuitagisaac@gmail.com','','Kenya','','',0,'','Kiambu, Nairobi','KES',0.00000,'','','',0.0000,0,0.0000,0.0000,0.0000,20179,0,'','General',''),('',0,0,'','Ar20180','','','','',0.00,'',0.00,'K','','','','','','','','','','','','','',0,'','','KES',0.00000,'','','',0.0000,0,0.0000,0.0000,0.0000,20180,0,'','General',''),('',0,0,'','Ar20181','','','','',0.00,'',0.00,'Murphy chemicals (E.A.) Ltd','','','','','0722570768','','20495-00200','','murphy@murphychemicals.co.ke','Nairobi','Kenya','','',0,'','Baba Dogo Rd, Ruaraka','KES',0.00000,'','','',0.0000,0,0.0000,0.0000,0.0000,20181,0,'','General',''),('',0,0,'','Ar20182','','','','',0.00,'',0.00,'Kutoka Ardhini Ltd','','','','','0719596878','','14850-00800','Rhoda Mwikali','stephen.mutuma@fairoils.com','Nairobi','Kenya','','',0,'','Nyeri','KES',0.00000,'','','',0.0000,0,0.0000,0.0000,0.0000,20182,0,'','General',''),('',0,0,'','Ar20183','','','','',0.00,'',0.00,'Precise  Biotech Limited','','','','','0728960894','N/A','39934','N/A','precisebiotech@gmail.com','Nairobi','Kenya','','',0,'','N/A','KES',0.00000,'','','',0.0000,0,0.0000,0.0000,0.0000,20183,0,'','General',''),('',0,0,'','Ar20184','','','','',0.00,'',0.00,'Dash Logistics Limited','','','','','0716324676','','P.O. BOX 38842-00100','','dashlogisticltd@gmail.com','Nairobi','Kenya','','',0,'','','KES',0.00000,'','','',0.0000,0,0.0000,0.0000,0.0000,20184,0,'','General',''),('',0,0,'','Ar20185','','','','',0.00,'',0.00,'Mara Elatia','','','','','0713399396','','P.O BOX 67498-00100','','','Nairobi','Kenya','','',0,'','','KES',0.00000,'','','',0.0000,0,0.0000,0.0000,0.0000,20185,0,'','General',''),('',0,0,'','Ar20186','','','','',0.00,'',0.00,'Bebo Beverages Ltd','','','','','0786655595','','','','info@bebobeverages.com','Nairobi','Kenya','','',0,'','N/A','KES',0.00000,'','','',0.0000,0,0.0000,0.0000,0.0000,20186,0,'','General',''),('',0,0,'','Ar20187','','','','',0.00,'',0.00,'New Light Academy','','','','','0722435258','','084','','info@newlightschools.sc.ke','Nairobi','Kenya','','',0,'','','KES',0.00000,'','','',0.0000,0,0.0000,0.0000,0.0000,20187,0,'','General',''),('',0,0,'','Ar20188','','','','',0.00,'',0.00,'Ali Yusuf','','','','','0728555222','','','','','Nairobi','Kenya','','',0,'','','KES',0.00000,'','','',0.0000,0,0.0000,0.0000,0.0000,20188,0,'','General',''),('',0,0,'','Ar20189','','','','',0.00,'',0.00,'Ali Yusuf','','','','','0728555222','','','','','Nairobi','Kenya','','',0,'','','KES',0.00000,'','','',0.0000,0,0.0000,0.0000,0.0000,20189,0,'','General',''),('',0,0,'','Ar20190','','','','',0.00,'',0.00,'Kenya Meat Commission','','','','','254202499382','','2-00204','','info@kenyameat.co.ke','Nairobi','Kenya','','',0,'','','KES',0.00000,'','','',0.0000,0,0.0000,0.0000,0.0000,20190,0,'','General',''),('',0,0,'','Ar20191','','','','',0.00,'',0.00,'Dune Packaging Limited','','','','','0719873469','','P.O. Box 45310 - 00100','','irene@dunepackaging.com','Nairobi','Kenya','','',0,'','','KES',0.00000,'','','',0.0000,0,0.0000,0.0000,0.0000,20191,0,'','General',''),('',0,0,'','Ar20192','','','','',0.00,'',0.00,'Kutoka Ardhini - Mara','','','P051565495X','','0748600669','','P.O BOX 24906 - 00502','Albert Walubeng','','Mara','Kenya','','',0,'','Mara','KES',0.00000,'','','',0.0000,0,0.0000,0.0000,0.0000,20192,0,'','General',''),('',0,0,'','Ar20193','','','','',0.00,'',0.00,'Emmanuel Max','','','','','0715737942','','','','','','Kenya','','',0,'','','KES',0.00000,'','','',0.0000,0,0.0000,0.0000,0.0000,20193,0,'','General',''),('',0,0,'','Ar20194','','','','',0.00,'',0.00,'Mercy Kureba','','','','','072 2856483','N/A','1035-00517','N/A','btcmercy@gmail.com','Nairobi','Kenya','','',0,'','N/A','KES',0.00000,'','','',0.0000,0,0.0000,0.0000,0.0000,20194,0,'','General',''),('',0,0,'','Ar20195','','','','',0.00,'',0.00,'Kutoka Ardhini Ltd-Lunga lunga','','','','','0711278828','','','','','','Kenya','','',0,'','','KES',0.00000,'','','',0.0000,0,0.0000,0.0000,0.0000,20195,0,'','General',''),('',0,0,'','Ar20196','','','','',0.00,'',0.00,'Black Diceros Africa Ltd','','','','','0720303002','','986','','Kareithirose@gmail.com','Embu','Kenya','','',0,'','','KES',0.00000,'','','',0.0000,0,0.0000,0.0000,0.0000,20196,0,'','General',''),('',0,0,'','Ar20197','','','','',0.00,'',0.00,'Onestop Arcade Langata','','','','','n/a','n/a','n/a','n/a','n/a','Nairobi','Kenya','','',0,'','n/a','KES',0.00000,'','','',0.0000,0,0.0000,0.0000,0.0000,20197,0,'','General',''),('',0,0,'','Ar20198','','','','',0.00,'',0.00,'ROK INDUSTRIES','','','','','0736028181','','00101','','admin@rokindltd.co.ke','Nairobi','Kenya','','',0,'','','KES',0.00000,'','','',0.0000,0,0.0000,0.0000,0.0000,20198,0,'','General',''),('',0,0,'','Ar20199','','','','',0.00,'',0.00,'ROK INDUSTRIES','','','','','0736028181','','00101','','admin@rokindltd.co.ke','Nairobi','Kenya','','',0,'','','KES',0.00000,'','','',0.0000,0,0.0000,0.0000,0.0000,20199,0,'','General',''),('',0,0,'','Ar20200','','','','',0.00,'',0.00,'ROK INDUSTRIES','','','','','0736028181','','00101','','admin@rokindltd.co.ke','Nairobi','Kenya','','',0,'','','KES',0.00000,'','','',0.0000,0,0.0000,0.0000,0.0000,20200,0,'','General',''),('',0,0,'','Ar20201','','','','',0.00,'',0.00,'Pea Foods','','','','','0723334765','','','','','','','','',0,'','','KES',0.00000,'','','',0.0000,0,0.0000,0.0000,0.0000,20201,0,'','General',''),('',0,0,'','Ar20202','','','','',0.00,'',0.00,'CSI International Ltd','','','','','','','P.O. Box 47846','','','Nairobi','Kenya','','',0,'','00100','KES',0.00000,'','','',0.0000,0,0.0000,0.0000,0.0000,20202,0,'','General',''),('',0,0,'','Ar20203','','','','',0.00,'',0.00,'Geoffery','','','','','','','','','','Nairobi','Kenya','','',0,'','','KES',0.00000,'','','',0.0000,0,0.0000,0.0000,0.0000,20203,0,'','General',''),('',0,0,'','Ar20204','','','','',0.00,'',0.00,'Top Food EA ltd','','','','','0702807776','','32172-00600','0734807776','sales@topfoods.co.ke','Nairobi','Kenya','','',0,'','','KES',0.00000,'','','',0.0000,0,0.0000,0.0000,0.0000,20204,0,'','General',''),('',0,0,'','Ar20205','','','','',0.00,'',0.00,'St.  Andrew\'s School','','','','','0722209750','+25451721010','Private Bag 20106','','joseph.kirumba@turimail.co.ke','Turi, Molo','Kenya','','',0,'','','KES',0.00000,'','','',0.0000,0,0.0000,0.0000,0.0000,20205,0,'','General',''),('',0,0,'','Ar20206','','','','',0.00,'',0.00,'Thiririka Bulk water project','','','','','0720847137','','','','','','Kenya','','',0,'','','KES',0.00000,'','','',0.0000,0,0.0000,0.0000,0.0000,20206,0,'','General',''),('',0,0,'','Dr20119','','','','',0.00,'',0.00,'Silas Mwangi Kamau            ','','','','','+254 738868837','','P.O. BOX 398-80109','','mugwe20@gmail.com','Mombasa','Kenya','','',0,'','','KES',0.00000,'','','',0.0000,0,0.0000,0.0000,0.0000,20119,0,'','General',''),('',0,0,'','Dr20122','','','','',0.00,'',0.00,'Galana Oil Kenya Ltd          ','','','','','','','P.O. BOX 11672- 00100','','info@galanaoil.com','Nairobi','Kenya','','',0,'','','KES',0.00000,'','','',0.0000,0,0.0000,0.0000,0.0000,20122,0,'','General',''),('',0,0,'','Dr20121','','','','',0.00,'',0.00,'Ozone Beverages Ltd           ','','','','','+254 731444462','','P.O. BOX ............','','info@ozonebeverages.co.ke','Mombasa','Kenya','','',0,'','','KES',0.00000,'','','',0.0000,0,0.0000,0.0000,0.0000,20121,0,'','General',''),('',0,0,'','Dr20123','','','','',0.00,'',0.00,'Yemken Trading                ','','','','','+254 722286963','','P.O. BOX ............','','lmutungi@yemkenkenya.com','Nairobi','Kenya','','',0,'','','KES',0.00000,'','','',0.0000,0,0.0000,0.0000,0.0000,20123,0,'','General',''),('',0,0,'','Dr20124','','','','',0.00,'',0.00,'Spedag Interfreight           ','','','','','','','P.O. BOX 42106-00100','','','','','','',0,'','','KES',0.00000,'','','',0.0000,0,0.0000,0.0000,0.0000,20124,0,'','General',''),('',0,0,'','Dr20125','','','','',0.00,'',0.00,'Lean solutions                ','','','','','+254 720934693','','','','','','Kenya','','',0,'','','KES',0.00000,'','','',0.0000,0,0.0000,0.0000,0.0000,20125,0,'','General',''),('',0,0,'','Dr20126','','','','',0.00,'',0.00,'Bidco Africa Limited          ','','','','','','','P.O. BOX 239-01000','','prashant.rathod@bidcoafrica.com','Thika','Kenya','','',0,'','','KES',0.00000,'','','',0.0000,0,0.0000,0.0000,0.0000,20126,0,'','General',''),('',0,0,'','Dr20127','','','','',0.00,'',0.00,'Spruce Properties LLP         ','','','','','+254 722795317','','P.O. BOX 13759-00100','','info@zxkenya.com','Nairobi','Kenya','','',0,'','','KES',0.00000,'','','',0.0000,0,0.0000,0.0000,0.0000,20127,0,'','General',''),('',0,0,'','Dr20128','','','','',0.00,'',0.00,'Acacia EPZ LTD                ','','','','','+254 706311868','','P.O. BOX 30301-00100','','hellen.kapoko@acacia-epz.com','Nairobi','Kenya','','',0,'','','KES',0.00000,'','','',0.0000,0,0.0000,0.0000,0.0000,20128,0,'','General',''),('',0,0,'','Dr20129','','','','',0.00,'',0.00,'Savannah Brands Company Ltd','','','','','+254 708890475','','P.O. BOX 14208-00800','','info@savannahbrandsco.com','Nairobi','Kenya','','',0,'','Spectrum Business Park, Baba Dogo Road','KES',0.00000,'','','',0.0000,0,0.0000,0.0000,0.0000,20129,0,'','General',''),('',0,0,'','Dr20130','','','','',0.00,'',0.00,'Goshen Farm Exporters Ltd','','','','','+254 724 444 70','','P.O Box 19119-00501, JKIA','Henry E. Omuse','henry.omuse@goshen.co.ke','Nairobi','Kenya','','',0,'','','KES',0.00000,'','','',0.0000,0,0.0000,0.0000,0.0000,20130,0,'','General',''),('',0,0,'','Dr20131','','','','',0.00,'',0.00,'Simeon Oriko                  ','','','','','0724892941','','P.O. BOX','','simeonoriko@gmail.com','Nairobi','Kenya','','',0,'','','KES',0.00000,'','','',0.0000,0,0.0000,0.0000,0.0000,20131,0,'','General',''),('',0,0,'','Dr20132','','','','',0.00,'',0.00,'Magi Villas                   ','','','','','','','Oloolua Holdings Limited,P.O Box 59126-00200','','elizabethwanza35@gmail.com','Nairobi','Kenya','','',0,'','','KES',0.00000,'','','',0.0000,0,0.0000,0.0000,0.0000,20132,0,'','General',''),('',0,0,'','Dr20140','','','','',0.00,'',0.00,'Schneider Electric            ','','','','','','','P.O. BOX ............','','','Nairobi','Kenya','','',0,'','','KES',0.00000,'','','',0.0000,0,0.0000,0.0000,0.0000,20140,0,'','General',''),('',0,0,'','Dr20143','','','','',0.00,'',0.00,'Suntory Beverage and Food Ltd ','','','','','+254 722736688','','P.O BOX 27956 -00100','','priskilla.pete@suntory.com','Nairobi','Kenya','','',0,'','','KES',0.00000,'','','',0.0000,0,0.0000,0.0000,0.0000,20143,0,'','General',''),('',0,0,'','Dr20144','','','','',0.00,'',0.00,'Douglas Kitonga               ','','','','','+254 722736688','','','','gitonga@gmail.com','','','','',0,'','','KES',0.00000,'','','',0.0000,0,0.0000,0.0000,0.0000,20144,0,'','General',''),('',0,0,'','Dr20145','','','','',0.00,'',0.00,'Ward Tanghe                   ','','','','','+254 735069075','','','','ward.tanghe@gmail.com','Nairobi','Kenya','','',0,'','','KES',0.00000,'','','',0.0000,0,0.0000,0.0000,0.0000,20145,0,'','General',''),('',0,0,'','Dr20146','','','','',0.00,'',0.00,'Nairobi Bottlers-Comoros      ','','','','','','','','','','','','','',0,'','','KES',0.00000,'','','',0.0000,0,0.0000,0.0000,0.0000,20146,0,'','General',''),('',0,0,'','Dr20147','','','','',0.00,'',0.00,'Sangare Gardens Ltd','','','','','+254 720462982','','','','vitalis.kutto@sangaregardens.com','','','','',0,'','','KES',0.00000,'','','',0.0000,0,0.0000,0.0000,0.0000,20147,0,'','General',''),('',0,0,'','Dr20148','','','','',0.00,'',0.00,'Kencan Organics Ltd           ','','','','','','','','','foodsinc@outlook.com','','','','',0,'','','KES',0.00000,'','','',0.0000,0,0.0000,0.0000,0.0000,20148,0,'','General',''),('',0,0,'','Dr20149','','','','',0.00,'',0.00,'National Cement Company Ltd - Emali','','','','','','','P.O. BOX 33319','','safety.emali@nccke.com','Nairobi','Kenya','','',0,'','00100','KES',0.00000,'','','',0.0000,0,0.0000,0.0000,0.0000,20149,0,'','General',''),('',0,0,'','Ar20207','','','','',0.00,'',0.00,'Thiririka Bulk water project','','','','','0720847137','','','','','','Kenya','','',0,'','','KES',0.00000,'','','',0.0000,0,0.0000,0.0000,0.0000,20207,0,'','General',''),('',0,0,'','Ar20208','','','','',0.00,'',0.00,'Macabel Investment Ltd','','','P051736707L','','','','','','','Nairobi','Kenya','','',0,'','','KES',0.00000,'','','',0.0000,0,0.0000,0.0000,0.0000,20208,0,'','General',''),('',0,0,'','Ar20209','','','','',0.00,'',0.00,'','','','','','','','','','','','','','',0,'','','KES',0.00000,'','','',0.0000,0,0.0000,0.0000,0.0000,20209,0,'','General',''),('',0,0,'','Ar20210','','','','',0.00,'',0.00,'Kenmeat EPZ Ltd','','','','','+254719572507','N/A','P.O BOX 58627','','','Nairobi','Kenya','','',0,'','Athi River Mara Road','KES',0.00000,'','','',0.0000,0,0.0000,0.0000,0.0000,20210,0,'','General',''),('',0,0,'','Ar20211','','','','',0.00,'',0.00,'Kenmeat Ltd','','','','','+254719572507','','P.O BOX 58627','','','Nairobi','Kenya','','',0,'','Athi River Mara Road','KES',0.00000,'','','',0.0000,0,0.0000,0.0000,0.0000,20211,0,'','General',''),('',0,0,'','Ar20212','','','','',0.00,'',0.00,'Isinya Feeds Limited ','','','','','+254 733 246 62','','18138-00500','','info@isinyafeeds.co.ke','Nairobi','Kenya','','',0,'','','KES',0.00000,'','','',0.0000,0,0.0000,0.0000,0.0000,20212,0,'','General',''),('',0,0,'','Ar20213','','','','',0.00,'',0.00,'Diama Leo Company Ltd','','','','','','','','','Leynishaservices@gmail.com','Nairobi','Kenya','','',0,'','','KES',0.00000,'','','',0.0000,0,0.0000,0.0000,0.0000,20213,0,'','General',''),('',0,0,'','Dr9','','','','',0.00,'',0.00,'SGS Kenya                     ','','','','','','','','','','','','','',0,'','','KES',0.00000,'','','',0.0000,0,0.0000,0.0000,0.0000,9,0,'','General',''),('',0,0,'','Dr10','','','','',0.00,'',0.00,'Icare International Ltd       ','','','','','0717193863','','7633-00100','','amakau@icareinternational.co.ke','NAIROBI','Kenya','','',0,'','','KES',0.00000,'','','',0.0000,0,0.0000,0.0000,0.0000,10,0,'','General',''),('',0,0,'','Dr11','','','','',0.00,'',0.00,'KITALE INDUSTRIES LTD         ','','','','','0787398502','','P.O.BOX 616-30200','','','NAIROBI','Kenya','','',0,'','','KES',0.00000,'','','',0.0000,0,0.0000,0.0000,0.0000,11,0,'','General',''),('',0,0,'','Dr12','','','','',0.00,'',0.00,'Gas Africa Limited            ','','','','','0726595266','','PO BOX 3899-00506','+254 0733999','raj.ram@gasafrica.com','NAIROBI','Kenya','','',0,'','','KES',0.00000,'','','',0.0000,0,0.0000,0.0000,0.0000,12,0,'','General',''),('',0,0,'','Dr13','','','','',0.00,'',0.00,'Davis and Shirtliff           ','','','','','+254733610085','','41762-00100','','elizabeth.muritu@dayliff.com','NAIROBI','Kenya','','',0,'','','KES',0.00000,'','','',0.0000,0,0.0000,0.0000,0.0000,13,0,'','General',''),('',0,0,'','Dr14','','','','',0.00,'',0.00,'Sheepcare Community Centre    ','','','','','0722251022','','4544-00200','0702974791','jakoywa@gmail.com','NAIROBI','Kenya','','',0,'','','KES',0.00000,'','','',0.0000,0,0.0000,0.0000,0.0000,14,0,'','General',''),('',0,0,'','Dr15','','','','',0.00,'',0.00,'Tosha Petroleum (K) Ltd       ','','','','','731699065','','','','info@toshapetroleum.co.ke','Nairobi','Kenya','','',0,'','00100','KES',0.00000,'','','',0.0000,0,0.0000,0.0000,0.0000,15,0,'','General',''),('',0,0,'','Ar20214','','','','',0.00,'',0.00,'Daima Leo Company Ltd','','','','','N/A','N/A','N/A','N/A','Leynishaservices@gmail.com','Nairobi','Kenya','','',0,'','N/A','KES',0.00000,'','','',0.0000,0,0.0000,0.0000,0.0000,20214,0,'','General',''),('',0,0,'','Ar20215','','','','',0.00,'',0.00,'Chespal Organics','','','','','0727865296','','P.O.BOX  5420-00200','','chespal.ke@gmail.com','','Kenya','','',0,'','','KES',0.00000,'','','',0.0000,0,0.0000,0.0000,0.0000,20215,0,'','General',''),('',0,0,'','Ar20216','','','','',0.00,'',0.00,'Labworks East Africa Ltd','','','','','','','P.O. Box 6459','','technical@labworksea.com','Nairobi','','','',0,'','00100','KES',0.00000,'','','',0.0000,0,0.0000,0.0000,0.0000,20216,0,'','General',''),('',0,0,'','Ar20217','','','','',0.00,'',0.00,'Lacheka Lubricants Limited','','','','','0722340236','','','','lacheka@africaonline.co.ke','','Kenya','','',0,'','','KES',0.00000,'','','',0.0000,0,0.0000,0.0000,0.0000,20217,0,'','General',''),('',0,0,'','Ar20218','','','','',0.00,'',0.00,'David Kuria','','','','','0722235314','','','','davekushkr@icloud.com','','','','',0,'','','KES',0.00000,'','','',0.0000,0,0.0000,0.0000,0.0000,20218,0,'','General',''),('',0,0,'','Ar20219','','','','',0.00,'',0.00,'Actom Kenya Limited','','','','','','','P.O BOX 46345','','','Nairobi','Kenya','','',0,'','Power Technics Complex - Mombasa Rd.','KES',0.00000,'','','',0.0000,0,0.0000,0.0000,0.0000,20219,0,'','General',''),('',0,0,'','Ar20220','','','','',0.00,'',0.00,'Palm Tree Ltd','','','','','0203503350','','6224-001000','','info@palmtreekenya.com','Nairobi','Kenya','','',0,'','','KES',0.00000,'','','',0.0000,0,0.0000,0.0000,0.0000,20220,0,'','General',''),('',0,0,'','Dr17','','','','',0.00,'',0.00,'Tosha Petroleum (K) Ltd       ','','','','','0731 699065','','28433- 00100','020 2691977','info@toshapetroleum.co.ke','NAIROBI','Kenya','','',0,'','','KES',0.00000,'','','',0.0000,0,0.0000,0.0000,0.0000,17,0,'','General',''),('',0,0,'','Dr18','','','','',0.00,'',0.00,'Project Rose                  ','','','','','0720430385','','','','','Nairobi','Kenya','','',0,'','00100','KES',0.00000,'','','',0.0000,0,0.0000,0.0000,0.0000,18,0,'','General',''),('',0,0,'','Dr19','','','','',0.00,'',0.00,'MANGAT IB PATEL               ','','','','','0722969339','','','','jnnjoroge@mibpp.com','NAIROBI','Kenya','','',0,'','+254','KES',0.00000,'','','',0.0000,0,0.0000,0.0000,0.0000,19,0,'','General',''),('',0,0,'','Dr20','','','','',0.00,'',0.00,'Insiders Africa               ','','','','','0721242361','','','','info@insidersafrica.com','Nanyuki','Kenya','','',0,'','','KES',0.00000,'','','',0.0000,0,0.0000,0.0000,0.0000,20,0,'','General',''),('',0,0,'','D21','','','','',0.00,'',0.00,'Montezuma Monalisa Funeral Hom','','','','','0722 827 652','','P.O BOX 51340','0722 765 804','','Machakos','Kenya','','',0,'','','KES',0.00000,'','','',0.0000,0,0.0000,0.0000,0.0000,21,0,'','General',''),('',0,0,'','D22','','','','',0.00,'',0.00,'Montezuma Monalisa Funeral HM ','','','','','0722 827 652','','P.O BOX 51340','0722 765 804','','Thika Road Kabati','Kenya','','',0,'','','KES',0.00000,'','','',0.0000,0,0.0000,0.0000,0.0000,22,0,'','General',''),('',0,0,'','D23','','','','',0.00,'',0.00,'Spring Up Limited             ','','','','','0724447201','','','','','Nairobi','','','',0,'','','KES',0.00000,'','','',0.0000,0,0.0000,0.0000,0.0000,23,0,'','General',''),('',0,0,'','Dr20023','','','','',0.00,'',0.00,'National Cement Company Ltd   ','','','','','0756 020600','','P.O BOX 33319-00600','','safety.emali@nccke.com','Nairobi','Kenya','','',0,'','','KES',0.00000,'','','',0.0000,0,0.0000,0.0000,0.0000,20023,0,'','General',''),('',0,0,'','Dr20024','','','','',0.00,'',0.00,'Golden Africa Kenya Ltd','','','','','0736 902906','','P.O. BOX 605-00242','','info@goldenafrica.com','Nairobi','Kenya','','',0,'','','KES',0.00000,'','','',0.0000,0,0.0000,0.0000,0.0000,20024,0,'','General',''),('',0,0,'','Dr20025','','','','',0.00,'',0.00,'Canon Chemicals Limited       ','','','','','0706 679245','','P.O. BOX 24336-00100 Nairobi','020 2014403','','Nairobi','Kenya','','',0,'','','KES',0.00000,'','','',0.0000,0,0.0000,0.0000,0.0000,20025,0,'','General',''),('',0,0,'','Dr20026','','','','',0.00,'',0.00,'Radisson Blu Hotel            ','','','','','0709 810000','','P.O. BOX 21695-00100','','alex.ruteere@radissonblu.com','Nairobi','Kenya','','',0,'','','KES',0.00000,'','','',0.0000,0,0.0000,0.0000,0.0000,20026,0,'','General',''),('',0,0,'','Dr20027','','','','',0.00,'',0.00,'Style Industries Ltd          ','','','','','0723 424459','','','0706 679245','caroline.naserian@godrejcp.com','Nairobi','Kenya','','',0,'','','KES',0.00000,'','','',0.0000,0,0.0000,0.0000,0.0000,20027,0,'','General',''),('',0,0,'','Dr20028','','','','',0.00,'',0.00,'Transafrica Paper Mills Ltd   ','','','','','0724 481616','','P.O BOX 1404-00606','0770 349788','mr@eapm.co.ke','Thika','Kenya','','',0,'','','KES',0.00000,'','','',0.0000,0,0.0000,0.0000,0.0000,20028,0,'','General',''),('',0,0,'','Dr20029','','','','',0.00,'',0.00,'Mediance Hospital Mortuary    ','','','','','','','P.O BOX ......','','kasanduku@gmail.com','Matuu','Kenya','','',0,'','','KES',0.00000,'','','',0.0000,0,0.0000,0.0000,0.0000,20029,0,'','General',''),('',0,0,'','Dr20031','','','','',0.00,'',0.00,'Tri Clover                    ','','','','','','','N/A','','','Nairobi','Kenya','','',0,'','','KES',0.00000,'','','',0.0000,0,0.0000,0.0000,0.0000,20031,0,'','General',''),('',0,0,'','Dr20032','','','','',0.00,'',0.00,'East Africa Paper Mills Ltd   ','','','','','0724 481616','','P.O BOX 1404-00606','0770 349788','mr@eapm.co.ke','Nairobi','Kenya','','',0,'','','KES',0.00000,'','','',0.0000,0,0.0000,0.0000,0.0000,20032,0,'','General',''),('',0,0,'','Dr20033','','','','',0.00,'',0.00,'Wavedrop Signature            ','','','','','0720 826579','','P.O BOX 28389-00200','+254 746956110','verohwainaina@gmail.com','Nairobi','Kenya','','',0,'','','KES',0.00000,'','','',0.0000,0,0.0000,0.0000,0.0000,20033,0,'','General',''),('',0,0,'','Dr20034','','','','',0.00,'',0.00,'Crown Beverages Limited       ','','','','','0730 000008','','P.O BOX 423-20106','','rkisaka@ccbagroup.com','Molo','Kenya','','',0,'','','KES',0.00000,'','','',0.0000,0,0.0000,0.0000,0.0000,20034,0,'','General',''),('',0,0,'','Dr20035','','','','',0.00,'',0.00,'Thika Power  Limited          ','','','','','0726 494949','','P.O. BOX 350-0100','0725 332631','charlesk@thikapower.co.ke','Nairobi','Kenya','','',0,'','','KES',0.00000,'','','',0.0000,0,0.0000,0.0000,0.0000,20035,0,'','General',''),('',0,0,'','Dr20036','','','','',0.00,'',0.00,'Beiersdorf East Africa Ltd    ','','','','','+254730186000','','P.O BOX 78273-00507','0721 621177','angela.nelima@beiersdorf.com','Nairobi','Kenya','','',0,'','','KES',0.00000,'','','',0.0000,0,0.0000,0.0000,0.0000,20036,0,'','General',''),('',0,0,'','Dr20037','','','','',0.00,'',0.00,'Mbaku Funeral Services Limited','','','','','0722528355','','P.O BOX 7802-00300','0725259377','ecolife.consult@gmail.com','Nairobi','Kenya','','',0,'','','KES',0.00000,'','','',0.0000,0,0.0000,0.0000,0.0000,20037,0,'','General',''),('',0,0,'','Dr1','','','','',0.00,'',0.00,'Devki Group of Companies','','','P051179811Y','','0756020167','020 2028169','33319-00600','020 2529555/4','localpurchase@devkisteel.com','NAIROBI','Kenya','','',0,'','','KES',0.00000,'','','',0.0000,0,0.0000,0.0000,0.0000,1,0,'','General',''),('',0,0,'','Dr2','','','','',0.00,'',0.00,'Nightrose                     ','','','','','0711676097','','00552','','david@labworksea.com','Nairobi','Kenya','','',0,'','','KES',0.00000,'','','',0.0000,0,0.0000,0.0000,0.0000,2,0,'','General',''),('',0,0,'','Dr3','','','','',0.00,'',0.00,'Ecologics                     ','','','','','','','','','','Nairobi','Kenya','','',0,'','','KES',0.00000,'','','',0.0000,0,0.0000,0.0000,0.0000,3,0,'','General',''),('',0,0,'','Dr4','','','','',0.00,'',150000.00,'WSTF                          ','','','','','254 726039','','295-00100','','ismael@yahoo.com','NAIROBI','Kenya','','',0,'','','KES',0.00000,'','','',0.0000,0,0.0000,0.0000,0.0000,4,0,'','General',''),('',0,0,'','Dr5','','','','',0.00,'',0.00,'CMC Ravena Kenya Branch       ','','','','','+254 713155871','','12120103','','andre.jansenvanrensburg@cmcra.com','Molo- Nakuru','Kenya','','',0,'','','KES',0.00000,'','','',0.0000,0,0.0000,0.0000,0.0000,5,0,'','General',''),('',0,0,'','Dr6','','','','',0.00,'',0.00,'Maisha Mabati Mills Ltd       ','','','','','','','','','','','','','',0,'','','KES',0.00000,'','','',0.0000,0,0.0000,0.0000,0.0000,6,0,'','General',''),('',0,0,'','Dr7','','','','',0.00,'',0.00,'Labcorpt Laboratories         ','','','','','0720118459','','','','labcorp16@gmail.com','NAIROBI','Kenya','','',0,'','','KES',0.00000,'','','',0.0000,0,0.0000,0.0000,0.0000,7,0,'','General',''),('',0,0,'','Dr20039','','','','',0.00,'',0.00,'Accurate steel mills          ','','','','','','','P.O BOX','','','Nairobi','Kenya','','',0,'','','KES',0.00000,'','','',0.0000,0,0.0000,0.0000,0.0000,20039,0,'','General',''),('',0,0,'','Dr20040','','','','',0.00,'',0.00,'Nairobi Bottlers Ltd- Embakasi','','','','','+254 724437779','','P.O BOX 18034-00500','254 720532431','','Nairobi','Kenya','','',0,'','Airport North Road','KES',0.00000,'','','',0.0000,0,0.0000,0.0000,0.0000,20040,0,'','General',''),('',0,0,'','Dr20041','','','','',0.00,'',0.00,'Kenafric Industies Ltd        ','','','','','0705 941757','','P.O. BOX','','chalam@kenafricind.com','Nairobi','Kenya','','',0,'','','KES',0.00000,'','','',0.0000,0,0.0000,0.0000,0.0000,20041,0,'','General',''),('',0,0,'','Dr20042','','','','',0.00,'',0.00,'Equator Bottlers Ltd          ','','','','','0724475536','','P.O BOX 780-40100','0729716912','','Kisumu','Kenya','','',0,'','','KES',0.00000,'','','',0.0000,0,0.0000,0.0000,0.0000,20042,0,'','General',''),('',0,0,'','Dr20043','','','','',0.00,'',0.00,'Happy Forest Ltd              ','','','','','+254 729924873','','P.O. BOX','+254 721712739','','Nairobi','Kenya','','',0,'','00100','KES',0.00000,'','','',0.0000,0,0.0000,0.0000,0.0000,20043,0,'','General',''),('',0,0,'','Dr20044','','','','',0.00,'',0.00,'Nairobi Bottlers Ltd- Umoja   ','','','','','0722 565890','','P.O. BOX','','fnjeri@ccbagroup.com','Nairobi','Kenya','','',0,'','','KES',0.00000,'','','',0.0000,0,0.0000,0.0000,0.0000,20044,0,'','General',''),('',0,0,'','Dr20045','','','','',0.00,'',0.00,'USA Limited                   ','','','','','0722 508492','','P.O. BOX','','infousaltd@gmail.com','','Tanzania, United Rep. of','','',0,'','','KES',0.00000,'','','',0.0000,0,0.0000,0.0000,0.0000,20045,0,'','General',''),('',0,0,'','Dr20047','','','','',0.00,'',0.00,'SKM Group                     ','','','','','0702152169','','P.O BOX 3966','','samdavid085@gmail.com','Nairobi','Kenya','','',0,'','','KES',0.00000,'','','',0.0000,0,0.0000,0.0000,0.0000,20047,0,'','General',''),('',0,0,'','Dr20048','','','','',0.00,'',0.00,'Hortifresh K Limited          ','','','','','+254 722888832','','Nthagana Water Project','','ianedewa25@gmail.com','Kirinyaga','Kenya','','',0,'','','KES',0.00000,'','','',0.0000,0,0.0000,0.0000,0.0000,20048,0,'','General',''),('',0,0,'','Dr20049','','','','',0.00,'',0.00,'Moses Waichuhi                ','','','','','','','P.O. BOX 31327-00600','','','Nairobi','Kenya','','',0,'','','KES',0.00000,'','','',0.0000,0,0.0000,0.0000,0.0000,20049,0,'','General',''),('',0,0,'','Dr20050','','','','',0.00,'',0.00,'Van Den Berg (K) Ltd          ','','','','','0724 255208','','P.O. BOX 1129-20117','','christabel@roseskenya.com','Naivasha','Kenya','','',0,'','','KES',0.00000,'','','',0.0000,0,0.0000,0.0000,0.0000,20050,0,'','General',''),('',0,0,'','Dr20051','','','','',0.00,'',0.00,'Nachaus Orchards              ','','','','','+254 721487826','','','','dakiemlimited@gmail.com','','Kenya','','',0,'','','KES',0.00000,'','','',0.0000,0,0.0000,0.0000,0.0000,20051,0,'','General',''),('',0,0,'','Dr20052','','','','',0.00,'',0.00,'Green Sense International Ltd ','','','','','','','','','','Nairobi','Kenya','','',0,'','','KES',0.00000,'','','',0.0000,0,0.0000,0.0000,0.0000,20052,0,'','General',''),('',0,0,'','Dr20053','','','','',0.00,'',0.00,'Qualityplus Laboratory and Consulting Services Ltd','','','','','+254 718256915','','','','brenda@qplus.co.ke','Nairobi','Kenya','','',0,'','','KES',0.00000,'','','',0.0000,0,0.0000,0.0000,0.0000,20053,0,'','General',''),('',0,0,'','Dr20055','','','','',0.00,'',0.00,'Centrofood Industries Ltd     ','','','','','0708 890475','','P.O. BOX 1068-01000','0700 113104','productions@cfikenya.com','Thika','Kenya','','',0,'','','KES',0.00000,'','','',0.0000,0,0.0000,0.0000,0.0000,20055,0,'','General',''),('',0,0,'','Dr20057','','','','',0.00,'',0.00,'Highland Creamers foods ltd   ','','','','','0722511783','','P.O. BOX 61706-00200','','nbichanga@highlandcf.com','Nairobi','Kenya','','',0,'','','KES',0.00000,'','','',0.0000,0,0.0000,0.0000,0.0000,20057,0,'','General',''),('',0,0,'','Dr20058','','','','',0.00,'',0.00,'Alibhai Shariff and Sons ltd  ','','','','','0722 408952','','','','agathuku@alibhaishariff.co.ke','Nairobi','Kenya','','',0,'','','KES',0.00000,'','','',0.0000,0,0.0000,0.0000,0.0000,20058,0,'','General',''),('',0,0,'','Dr20059','','','','',0.00,'',0.00,'Khetshi Dharamshi and Co. Ltd ','','','','','0722 426307','','P.O. BOX 43702-00100','','','Nairobi','Kenya','','',0,'','','KES',0.00000,'','','',0.0000,0,0.0000,0.0000,0.0000,20059,0,'','General',''),('',0,0,'','Dr20060','','','','',0.00,'',0.00,'Ekay Ventures                 ','','','','','07223385967','','P.O. BOX 101900-00100','','','Nairobi','Kenya','','',0,'','','KES',0.00000,'','','',0.0000,0,0.0000,0.0000,0.0000,20060,0,'','General',''),('',0,0,'','Dr20061','','','','',0.00,'',0.00,'Sun Power Products Limited    ','','','','','+254 717038314','','P.O. BOX 41112-00100','','','Nairobi','Kenya','','',0,'','','KES',0.00000,'','','',0.0000,0,0.0000,0.0000,0.0000,20061,0,'','General',''),('',0,0,'','Dr20064','','','','',0.00,'',0.00,'Nzouni Ranch &amp; Wildlife C.','','','','','0717720388','','P.O. BOX','','','Nairobi','Kenya','','',0,'','','KES',0.00000,'','','',0.0000,0,0.0000,0.0000,0.0000,20064,0,'','General',''),('',0,0,'','Dr20066','','','','',0.00,'',0.00,'Cherish Fruit World Ltd       ','','','','','+254 721710383','','P.O. BOX 472-30700','','talk2us@cherishfruitworld.co.ke','Iten','Kenya','','',0,'','','KES',0.00000,'','','',0.0000,0,0.0000,0.0000,0.0000,20066,0,'','General',''),('',0,0,'','Dr20067','','','','',0.00,'',0.00,'Botswana Bureau of Standard PT','','','','','','','','','','','','','',0,'','','KES',0.00000,'','','',0.0000,0,0.0000,0.0000,0.0000,20067,0,'','General',''),('',0,0,'','Dr20068','','','','',0.00,'',0.00,'Gulf Power Ltd','','','','','020 8000295','','21754-00100','','','Nairobi','Kenya','','',0,'','','KES',0.00000,'','','',0.0000,0,0.0000,0.0000,0.0000,20068,0,'','General',''),('',0,0,'','Dr20069','','','','',0.00,'',0.00,'Bralison Invest Company Ltd   ','','','','','0720 380074','','P.O. BOX 6368-00200','','info@bralison.co.ke','Nairobi','Kenya','','',0,'','','KES',0.00000,'','','',0.0000,0,0.0000,0.0000,0.0000,20069,0,'','General',''),('',0,0,'','Dr20070','','','','',0.00,'',0.00,'Global Slacker Enterprise     ','','','','','+254 726600141','','P.O. BOX 693-00902','','ian@grounded.co.ke','Kikuyu','Kenya','','',0,'','','KES',0.00000,'','','',0.0000,0,0.0000,0.0000,0.0000,20070,0,'','General',''),('',0,0,'','Dr20071','','','','',0.00,'',0.00,'Technical Trading Company Ltd ','','','','','0726 610403','','P.O. BOX .............','','support@ttc.co.ke','Nairobi','Kenya','','',0,'','','KES',0.00000,'','','',0.0000,0,0.0000,0.0000,0.0000,20071,0,'','General',''),('',0,0,'','Dr20072','','','','',0.00,'',0.00,'NAS Airport Services Ltd','','','','','+254-721-952508','','19010-00501','','mark.nzomo@servair.co.ke','Nairobi','Kenya','','',0,'','','KES',0.00000,'','','',0.0000,0,0.0000,0.0000,0.0000,20072,0,'','General',''),('',0,0,'','Dr20102','','','','',0.00,'',0.00,'Afrowings Ltd                 ','','','','','0798 197800','','P.O. BOX ............','','mohammed.kebsi@afrowings.co.ke','Nairobi','Kenya','','',0,'','','KES',0.00000,'','','',0.0000,0,0.0000,0.0000,0.0000,20102,0,'','General',''),('',0,0,'','Dr20103','','','','',0.00,'',0.00,'Greenlane Kindergaten         ','','','','','0723 540497','','P.O. BOX 35495-00100','','green15lane@gmail.com','Nairobi','Kenya','','',0,'','','KES',0.00000,'','','',0.0000,0,0.0000,0.0000,0.0000,20103,0,'','General',''),('',0,0,'','Dr20104','','','','',0.00,'',0.00,'Pitex Consumer Products Ltd   ','','','','','','','P.O. BOX ............','','peterwakaba8@gmail.com','Nairobi','Kenya','','',0,'','','KES',0.00000,'','','',0.0000,0,0.0000,0.0000,0.0000,20104,0,'','General',''),('',0,0,'','Dr20105','','','','',0.00,'',0.00,'Mohammed Olow                 ','','','','','0702505995','','P.O. BOX ............','','mohaazcrucial00@gmail.com','Nairobi','Kenya','','',0,'','','KES',0.00000,'','','',0.0000,0,0.0000,0.0000,0.0000,20105,0,'','General',''),('',0,0,'','Dr20106','','','','',0.00,'',0.00,'Beatrice Anyango- JKUAT       ','','','','','','','P.O. BOX ............','','bettyanayango1234@gmail.com','Nairobi','Kenya','','',0,'','','KES',0.00000,'','','',0.0000,0,0.0000,0.0000,0.0000,20106,0,'','General',''),('',0,0,'','Dr20107','','','','',0.00,'',0.00,'Kenneth Kamau                 ','','','','','','','P.O. BOX ............','','','Nairobi','Kenya','','',0,'','','KES',0.00000,'','','',0.0000,0,0.0000,0.0000,0.0000,20107,0,'','General',''),('',0,0,'','Dr20108','','','','',0.00,'',0.00,'William Wasonga Oduor         ','','','','','0711 227892','','P.O. BOX ............','','wilywas@yahoo.com','Nairobi','Kenya','','',0,'','','KES',0.00000,'','','',0.0000,0,0.0000,0.0000,0.0000,20108,0,'','General',''),('',0,0,'','Dr20074','','','','',0.00,'',0.00,'Alpha Fine Foods              ','','','','','','','P.O. BOX 10338-00100','','affl@alphafinefoods.com','Nairobi','Kenya','','',0,'','','KES',0.00000,'','','',0.0000,0,0.0000,0.0000,0.0000,20074,0,'','General',''),('',0,0,'','Dr20075','','','','',0.00,'',0.00,'Omra Meat Processing          ','','','','','','','P.O. BOX ............','','','EPZ Athi River','Kenya','','',0,'','','KES',0.00000,'','','',0.0000,0,0.0000,0.0000,0.0000,20075,0,'','General',''),('',0,0,'','Dr20076','','','','',0.00,'',0.00,'Thyaka Investment Company Ltd ','','','','','0742 081270','','P.O. BOX 26098-00100','','','Nairobi','Kenya','','',0,'','','KES',0.00000,'','','',0.0000,0,0.0000,0.0000,0.0000,20076,0,'','General',''),('',0,0,'','Dr20077','','','','',0.00,'',0.00,'Kenya Medical Association     ','','','','','','','P.O. BOX 48502-00100','','','Nairobi','Kenya','','',0,'','','KES',0.00000,'','','',0.0000,0,0.0000,0.0000,0.0000,20077,0,'','General',''),('',0,0,'','Dr20078','','','','',0.00,'',0.00,'Nairobi Hospital              ','','','','','','','P.O. BOX ............','','','Nairobi','Kenya','','',0,'','','KES',0.00000,'','','',0.0000,0,0.0000,0.0000,0.0000,20078,0,'','General',''),('',0,0,'','Dr20079','','','','',0.00,'',0.00,'Silc Solutions Ltd            ','','','','','','','P.O. BOX 15677-00100','','silsolutions3@gmail.com','Nairobi','Kenya','','',0,'','','KES',0.00000,'','','',0.0000,0,0.0000,0.0000,0.0000,20079,0,'','General',''),('',0,0,'','Dr20080','','','','',0.00,'',0.00,'Ferm-Good Limited             ','','','','','','','P.O. BOX 59567-00200','','info@ferm-good.com','Nairobi','Kenya','','',0,'','','KES',0.00000,'','','',0.0000,0,0.0000,0.0000,0.0000,20080,0,'','General',''),('',0,0,'','Dr20082','','','','',0.00,'',0.00,'Berger Paints Ltd             ','','','','','','','P.O BOX','','','Nairobi','Kenya','','',0,'','','KES',0.00000,'','','',0.0000,0,0.0000,0.0000,0.0000,20082,0,'','General',''),('',0,0,'','Dr20083','','','','',0.00,'',0.00,'Misty Mountain Lodge Ltd      ','','','','','0723 763839','','P.O. BOX 12851-00400','','gidrafgitahi@gmail.com','Nairobi','Kenya','','',0,'','','KES',0.00000,'','','',0.0000,0,0.0000,0.0000,0.0000,20083,0,'','General',''),('',0,0,'','Dr20084','','','','',0.00,'',0.00,'Java House Africa             ','','','','','+254 722348474','','P.O. BOX ............','','jacquiline.mwashumbe@javahouseafrica.com','Nairobi','Kenya','','',0,'','','KES',0.00000,'','','',0.0000,0,0.0000,0.0000,0.0000,20084,0,'','General',''),('',0,0,'','Dr20085','','','','',0.00,'',0.00,'ACE II PTRE Centre            ','','','','','+254 713577060','','3900','','kipkemoironald@gmail.com','Eldoret','Kenya','','',0,'','','KES',0.00000,'','','',0.0000,0,0.0000,0.0000,0.0000,20085,0,'','General',''),('',0,0,'','Dr20086','','','','',0.00,'',0.00,'Iber Africa power (EA) Ltd    ','','','','','+254 202610926','','P.O. BOX 32431-00600','','amainye@iberafrica.co.ke','Nairobi','Kenya','','',0,'','','KES',0.00000,'','','',0.0000,0,0.0000,0.0000,0.0000,20086,0,'','General',''),('',0,0,'','Dr20087','','','','',0.00,'',0.00,'Envisage Limited              ','','','','','','','P.O. BOX 40055-00100','','','Nairobi','Kenya','','',0,'','','KES',0.00000,'','','',0.0000,0,0.0000,0.0000,0.0000,20087,0,'','General',''),('',0,0,'','Dr20088','','','','',0.00,'',0.00,'Rubicon Trading Group','','','','','','','','','','','Kenya','','',0,'','','KES',0.00000,'','','',0.0000,0,0.0000,0.0000,0.0000,20088,0,'','General',''),('',0,0,'','Dr20163','','','','',0.00,'',0.00,'And Beyond kenya Ltd          ','','','','','','','P.O. BOX  40813-00100','','','Nairobi','','','',0,'','','KES',0.00000,'','','',0.0000,0,0.0000,0.0000,0.0000,20163,0,'','General',''),('',0,0,'','Dr20164','','','','',0.00,'',0.00,'jacob','','','','','0729030555','','','','','','','','',0,'','','KES',0.00000,'','','',0.0000,0,0.0000,0.0000,0.0000,20164,0,'','General',''),('',0,0,'','Ar20221','','','','',0.00,'',0.00,'Simon Chege Kinyanjui','','','','','0714223380','','P.O Box 4','','simonchege880@gmail.com','Along Kigumo, Kaharati  Rd.','Kenya','','',0,'','Thika','KES',0.00000,'','','',0.0000,0,0.0000,0.0000,0.0000,20221,0,'','General',''),('',0,0,'','Ar20222','','','','',0.00,'',0.00,'Pina Dairy Yoghurt','','','','','0724755079','','P.O BOX 54, Kigumo','','','Muranga','Kenya','','',0,'','','KES',0.00000,'','','',0.0000,0,0.0000,0.0000,0.0000,20222,0,'','General',''),('',0,0,'','Ar20223','','','','',0.00,'',0.00,'GEOFFREY GITHUA','','','','','0724093093','','065-00902','','','KIKUYU','Kenya','','',0,'','','KES',0.00000,'','','',0.0000,0,0.0000,0.0000,0.0000,20223,0,'','General',''),('',0,0,'','Ar20224','','','','',0.00,'',0.00,'Zawadi Diaries Limited','','','','','0704599162','','P.O BOX 176601-100','','','','','','',0,'','','KES',0.00000,'','','',0.0000,0,0.0000,0.0000,0.0000,20224,0,'','General',''),('',0,0,'','Ar20225','','','','',0.00,'',0.00,'Dash Logistics Limited','','','','','0714949143','','P.O BOX','','','Nairobi','Kenya','','',0,'','','KES',0.00000,'','','',0.0000,0,0.0000,0.0000,0.0000,20225,0,'','General',''),('',0,0,'','Ar20226','','','','',0.00,'',0.00,'Dash Logistics Limited','','','','','0714949143','','P.O BOX','','','Nairobi','Kenya','','',0,'','','KES',0.00000,'','','',0.0000,0,0.0000,0.0000,0.0000,20226,0,'','General',''),('',0,0,'','Ar20227','','','','',0.00,'',0.00,'Africa Biosystems Limited ','','','','','0729244884','','PO Box 66814 - 00800','','','Nairobi','Kenya','','',0,'','','KES',0.00000,'','','',0.0000,0,0.0000,0.0000,0.0000,20227,0,'','General',''),('',0,0,'','Ar20228','','','','',0.00,'',0.00,'SADCMET','','','','','','','Private Bag 13389','','','Namibia','Namibia','','',0,'','','KES',0.00000,'','','',0.0000,0,0.0000,0.0000,0.0000,20228,0,'','General',''),('',0,0,'','Ar20229','','','','',0.00,'',0.00,'SADCMET','','','','','','','Private Bag 13389','','','Namibia','Namibia','','',0,'','','KES',0.00000,'','','',0.0000,0,0.0000,0.0000,0.0000,20229,0,'','General',''),('',0,0,'','Ar20230','','','','',0.00,'',0.00,'Wairimu Wairioko','','','','','0722714743','','P.O BOX 35106-00200','','wairimuwairioko@yahoo.com','Nairobi','Kenya','','',0,'','','KES',0.00000,'','','',0.0000,0,0.0000,0.0000,0.0000,20230,0,'','General',''),('',0,0,'','Ar20231','','','','',0.00,'',0.00,'Twiga Chemicals Industries Ltd','','','','','','','P.O. Box 30172','','','Nairobi','Kenya','','',0,'','00100','KES',0.00000,'','','',0.0000,0,0.0000,0.0000,0.0000,20231,0,'','General',''),('',0,0,'','Ar20232','','','','',0.00,'',0.00,'Frejed Engineering Services Ltd.','','','','','0722331969','','104019-00101','','md@frejed.co.ke','Nairobi','Kenya','','',0,'','','KES',0.00000,'','','',0.0000,0,0.0000,0.0000,0.0000,20232,0,'','General',''),('',0,0,'','Ar20233','','','','',0.00,'',0.00,'Urban Blaq','','','','','+25473445678','','Po Box','','nilesh@urbanblaq.co.ke','Nairobi','Kenya','','',0,'','Baba dogo','KES',0.00000,'','','',0.0000,0,0.0000,0.0000,0.0000,20233,0,'','General',''),('',0,0,'','Ar20234','','','','',0.00,'',0.00,'NJORO CANNINGS FACTORY LTD','','','','','+254-512217751','+254-512217754 ','P.O.BOX 7076,20110','','@njorocanning.co.ke','Nakuru','Kenya','','',0,'','','KES',0.00000,'','','',0.0000,0,0.0000,0.0000,0.0000,20234,0,'','General',''),('',0,0,'','Ar20235','','','','',0.00,'',0.00,'Almanac Feeds Ltd','','','','','0726742511','','P.O Box 115-01000','','almanacfeedskenya@gmail.com','Nairobi','Kenya','','',0,'','N/A','KES',0.00000,'','','',0.0000,0,0.0000,0.0000,0.0000,20235,0,'','General',''),('',0,0,'','Ar20236','','','','',0.00,'',0.00,'EAC PT SCHEME','','','','','','','','','','KAMPALA','Uganda','','',0,'','','KES',0.00000,'','','',0.0000,0,0.0000,0.0000,0.0000,20236,0,'','General',''),('',0,0,'','Ar20237','','','','',0.00,'',0.00,'Vincent Oduk','','','','','0723462537','','','','','Nairobi','Kenya','','',0,'','','KES',0.00000,'','','',0.0000,0,0.0000,0.0000,0.0000,20237,0,'','General',''),('',0,0,'','Ar20238','','','','',0.00,'',0.00,'MUHAS-Pharm R&D','','','','','','','','','raphael.shedafa@gmail.com','','Tanzania, United Rep. of','','',0,'','','KES',0.00000,'','','',0.0000,0,0.0000,0.0000,0.0000,20238,0,'','General',''),('',0,0,'','Ar20239','','','','',0.00,'',0.00,'JCCP M(KENYA)LTD','','','P052048151B','','0723605834','','50834-00100','','Nicholas.obonyo@jccpm.com','Nairobi','Kenya','','',0,'','','KES',0.00000,'','','',0.0000,0,0.0000,0.0000,0.0000,20239,0,'','General',''),('',0,0,'','Ar20240','','','','',0.00,'',0.00,'Tiger packaging','','','','','0713 595 595','','  P.O BOX 164-80109  ​','','procurement@dunepackaging.com','Kilifi','Kenya','','',0,'','Kilifi','KES',0.00000,'','','',0.0000,0,0.0000,0.0000,0.0000,20240,0,'','General',''),('',0,0,'','Ar20241','','','','',0.00,'',0.00,'','','','','','','','','','','','','','',0,'','','KES',0.00000,'','','',0.0000,0,0.0000,0.0000,0.0000,20241,0,'','General',''),('',0,0,'','Ar20242','','','','',0.00,'',0.00,'','','','','','','','','','','','','','',0,'','','KES',0.00000,'','','',0.0000,0,0.0000,0.0000,0.0000,20242,0,'','General',''),('',0,0,'','Ar20243','','','','',0.00,'',0.00,'AOAC Laboratory PT Scheme','','','','','','','','','','','American Samoa','','',0,'','','KES',0.00000,'','','',0.0000,0,0.0000,0.0000,0.0000,20243,0,'','General',''),('',0,0,'','Ar20244','','','','',0.00,'',0.00,'Brookhouse school','','','','','0723150265','','24987-00502','','ombati44@gmail.com','','Kenya','','',0,'','','KES',0.00000,'','','',0.0000,0,0.0000,0.0000,0.0000,20244,0,'','General',''),('',0,0,'','Ar20245','','','','',0.00,'',0.00,'MARUBEINI CORPORATION','','','','','0720801704','','BRITAM TOWERS 7TH FLOOR','','JOSEPH-O@MARUBEINI.COM','NAIROBI','Kenya','','',0,'','','KES',0.00000,'','','',0.0000,0,0.0000,0.0000,0.0000,20245,0,'','General',''),('',0,0,'','Ar20246','','','','',0.00,'',0.00,'Kutoka Ardhini- Narumoru','','','','','0748600664','','','','','Nairobi','Kenya','','',0,'','Narumoru','KES',0.00000,'','','',0.0000,0,0.0000,0.0000,0.0000,20246,0,'','General',''),('',0,0,'','Ar20247','','','','',0.00,'',0.00,'Kutoka Ardhini- Narumoru','','','','','0748600664','','','','','Nairobi','Kenya','','',0,'','Narumoru','KES',0.00000,'','','',0.0000,0,0.0000,0.0000,0.0000,20247,0,'','General',''),('',0,0,'','Ar20249','','','','',0.00,'',0.00,'','','','','','','','','','','','','','',0,'','','KES',0.00000,'','','',0.0000,0,0.0000,0.0000,0.0000,20249,0,'','General',''),('',0,0,'','Ar20250','','','','',0.00,'',0.00,'Juja International Abattoir','','','','','','','49257-00100','','N.SOSPETER@JUJAABATTOIR.COM','Nairobi','Kenya','','',0,'','','KES',0.00000,'','','',0.0000,0,0.0000,0.0000,0.0000,20250,0,'','General',''),('',0,0,'','Ar20251','','','','',0.00,'',0.00,'Blue bells gardens apartments','','','','','0723372715','','','','','NAIROBI','Kenya','','',0,'','','KES',0.00000,'','','',0.0000,0,0.0000,0.0000,0.0000,20251,0,'','General',''),('',0,0,'','Ar20252','','','','',0.00,'',0.00,'Eastnat Limited','','','','','+254711109431','','P.O. Box 34992','','sales@eastnatfoods.com','Nairobi','Kenya','','',0,'','00100','KES',0.00000,'','','',0.0000,0,0.0000,0.0000,0.0000,20252,0,'','General',''),('',0,0,'','Ar20253','','','','',0.00,'',0.00,'Morich Plastics Limited','','','','','','','P.O. Box 482-00515','','','Komarock','Kenya','','',0,'','','KES',0.00000,'','','',0.0000,0,0.0000,0.0000,0.0000,20253,0,'','General',''),('',0,0,'','Ar20254','','','','',0.00,'',0.00,'The Honey Box Limited','','','','','0723928692','','','','h.mbogo@thehoneybox.co.ke','Nairobi','Kenya','','',0,'','','KES',0.00000,'','','',0.0000,0,0.0000,0.0000,0.0000,20254,0,'','General',''),('',0,0,'','Ar20248','','','','',0.00,'',0.00,'Kutoka Ardhini- Narumoru','','','','','0748600664','','','','','Nairobi','Kenya','','',0,'','Narumoru','KES',0.00000,'','','',0.0000,0,0.0000,0.0000,0.0000,20248,0,'','General',''),('',0,0,'','Ar20255','','','','',0.00,'',0.00,'','','','','','','','','','','','','','',0,'','','KES',0.00000,'','','',0.0000,0,0.0000,0.0000,0.0000,20255,0,'','General',''),('',0,0,'','Ar20256','','','','',0.00,'',0.00,'St. Andrews School','','','','','0722209750','','Private Bag 20106','','joy.kariuki@turimail.co.ke','Turi, Molo','Kenya','','',0,'','','KES',0.00000,'','','',0.0000,0,0.0000,0.0000,0.0000,20256,0,'','General',''),('',0,0,'','Ar20257','','','','',0.00,'',0.00,'Wallmart Limited ','','','','','0717207408','','PO BOX','','','Rongai','Kenya','','',0,'','','KES',0.00000,'','','',0.0000,0,0.0000,0.0000,0.0000,20257,0,'','General',''),('',0,0,'','Ar20258','','','','',0.00,'',0.00,'Keda Ceramics Limited ','','','','','','','PO BOX','','','','Kenya','','',0,'','','KES',0.00000,'','','',0.0000,0,0.0000,0.0000,0.0000,20258,0,'','General',''),('',0,0,'','Ar20260','','','','',0.00,'',0.00,'Sigma Feeds Limited','','','','','0721560251','',' Tuala, Ongata Rongai Kajiando','0733600897','info@sigmakenya.com','Nairobi','Kenya','','',0,'','','KES',0.00000,'','','',0.0000,0,0.0000,0.0000,0.0000,20260,0,'','General',''),('',0,0,'','Ar20261','','','','',0.00,'',0.00,'JKUAT Enterprises Limited','','','','','0724256696','','P.O. Box 62000-00200, Nairobi Kenya','','hr@jkuates.jkuat.ac.ke','Nairobi','Kenya','','',0,'','','KES',0.00000,'','','',0.0000,0,0.0000,0.0000,0.0000,20261,0,'','General',''),('',0,0,'','Ar20262','','','','',0.00,'',0.00,'Samuel Ndungu','','','','','0722955272','','P.O BOX 78-00100','','','Nairobi','Kenya','','',0,'','','KES',0.00000,'','','',0.0000,0,0.0000,0.0000,0.0000,20262,0,'','General',''),('',0,0,'','Ar20263','','','','',0.00,'',0.00,'Samuel Ndungu','','','','','0722955272','','P.O BOX 78-00100','','','Nairobi','Kenya','','',0,'','','KES',0.00000,'','','',0.0000,0,0.0000,0.0000,0.0000,20263,0,'','General',''),('',0,0,'','Ar20264','','','','',0.00,'',0.00,'Mulsons Impex','','','','','0722342107','','P.O BOX 1470-00232','0726692777','info@mdmillers.com','Ruiru','Kenya','','',0,'','','KES',0.00000,'','','',0.0000,0,0.0000,0.0000,0.0000,20264,0,'','General',''),('',0,0,'','Ar20265','','','','',0.00,'',0.00,'Mara Intrepids Camp','','','','','','','0713399396','','brian.asembo@heritagehotels.co.ke','Narok','Kenya','','',0,'','','KES',0.00000,'','','',0.0000,0,0.0000,0.0000,0.0000,20265,0,'','General',''),('',0,0,'','Ar20266','','','','',0.00,'',0.00,'Sunflag property Investment Limited','','','','',' +254 723820610','','P.O BOX 41627-00100','','omar@sunflagkenya.com','Nairobi','Kenya','','',0,'','','KES',0.00000,'','','',0.0000,0,0.0000,0.0000,0.0000,20266,0,'','General',''),('',0,0,'','Ar20267','','','','',0.00,'',0.00,'Tania East Africa Ltd','','','','','','','PO Box 32172-00600','','taniaealtd@gmail.com','Nairobi','Kenya','','',0,'','ROAD A','KES',0.00000,'','','',0.0000,0,0.0000,0.0000,0.0000,20267,0,'','General',''),('',0,0,'','Ar20268','','','','',0.00,'',0.00,'Fuel Trust Limited','','','','','','','P.O Box 108-00610','','','Nairobi','Kenya','','',0,'','Chokaa','KES',0.00000,'','','',0.0000,0,0.0000,0.0000,0.0000,20268,0,'','General',''),('',0,0,'','Ar20269','','','','',0.00,'',0.00,'House of Booch','','','','','','','P. O. Box Kikuyu','','','Kiambu','Kenya','','',0,'','Levilla Gardens','KES',0.00000,'','','',0.0000,0,0.0000,0.0000,0.0000,20269,0,'','General',''),('',0,0,'','Ar20270','','','','',0.00,'',0.00,'Aspendos Dairy Ltd','','','','','0702766071','','P. O. Box 19 - 10202,','','info@mountainfreshkenya.co.ke','Kangema','Kenya','','',0,'','Kangema','KES',0.00000,'','','',0.0000,0,0.0000,0.0000,0.0000,20270,0,'','General',''),('',0,0,'','Ar20271','','','','',0.00,'',0.00,'Sukari Industries Ltd','','','','','0115829755','','P.O. Box 237 - 40302','','','Ndhiwa','Kenya','','',0,'','Ndhiwa','KES',0.00000,'','','',0.0000,0,0.0000,0.0000,0.0000,20271,0,'','General',''),('',0,0,'','Ar20272','','','','',0.00,'',0.00,'West Kenya Sugar Company Ltd','','','','','0708 567 902','','P.O. Box 50 - 50211','','','Naitiri','Kenya','','',0,'','','KES',0.00000,'','','',0.0000,0,0.0000,0.0000,0.0000,20272,0,'','General',''),('',0,0,'','Ar20273','','','','',0.00,'',0.00,'VG Foods Limited','','','','','0780712736','','P.O. Box','','','Kiambu','Kenya','','',0,'','Banana','KES',0.00000,'','','',0.0000,0,0.0000,0.0000,0.0000,20273,0,'','General',''),('',0,0,'','Ar20274','','','','',0.00,'',0.00,'Hazina ya Ziwa EPZ Limited.','','','','','0725237189','','PO Box 3187-40100','','','Kisumu','Kenya','','',0,'','','KES',0.00000,'','','',0.0000,0,0.0000,0.0000,0.0000,20274,0,'','General',''),('',0,0,'','Ar20275','','','','',0.00,'',0.00,'Pukka Products Limited','','','','','','','16821-00620','','','Nairobi','Kenya','','',0,'','','KES',0.00000,'','','',0.0000,0,0.0000,0.0000,0.0000,20275,0,'','General',''),('',0,0,'','Ar20276','','','','',0.00,'',0.00,'Platinum Distillers Limited','','','','','0724782332','','P.O BOX 64174','','','','Kenya','','',0,'','Eastern Bypass','KES',0.00000,'','','',0.0000,0,0.0000,0.0000,0.0000,20276,0,'','General',''),('',0,0,'','Ar20277','','','','',0.00,'',0.00,'Gatitu Tea Factory Ltd','','','','','','','P.O. BOX 48552','','','Embu','Kenya','','',0,'','','KES',0.00000,'','','',0.0000,0,0.0000,0.0000,0.0000,20277,0,'','General',''),('',0,0,'','Ar20278','','','','',0.00,'',0.00,'DEMKA DAIRY','','','','','0723734158','','P.O. Box 825','','demkadairy@gmail.com','Othaya','Kenya','','',0,'','','KES',0.00000,'','','',0.0000,0,0.0000,0.0000,0.0000,20278,0,'','General',''),('',0,0,'','Ar20279','','','','',0.00,'',0.00,'Tropikal Brands (A) Ltd.','','','','','0700418313','','PO Box 49465-00100','','info@tropikal.co.ke','Nairobi','Kenya','','',0,'','','KES',0.00000,'','','',0.0000,0,0.0000,0.0000,0.0000,20279,0,'','General',''),('',0,0,'','DrKi000264','','','','',0.00,'',0.00,'Kirinyaga Flour Mills Limited','','','','','0712475566','','P.O.BOX  68178-00200','0707623670','info.kfm@gmail.com','Nairobi','Kenya','','',0,'','','KES',0.00000,'','','',0.0000,0,0.0000,0.0000,0.0000,0,0,'','General',''),('',0,0,'','DrTh000265','','','','',0.00,'',0.00,'The Banda School','','','','','0723150265','','','','','Nairobi','Kenya','','',0,'','','KES',0.00000,'','','',0.0000,0,0.0000,0.0000,0.0000,0,0,'','General',''),('',0,0,'','DrCK000266','','','','',0.00,'',0.00,'CKL Africa','','','','','0729668953','','Tatu City','','','','Kenya','','',0,'','','KES',0.00000,'','','',0.0000,0,0.0000,0.0000,0.0000,0,0,'','General',''),('',0,0,'','DrUn000267','','','','',0.00,'',0.00,'Nyumbani Urban Nuts Limited','','','','','','','P.O Box 41842-00100','0701487398','','','Kenya','','',0,'','Nairobi','KES',0.00000,'','','',0.0000,0,0.0000,0.0000,0.0000,0,0,'','General',''),('',0,0,'','DrLi000268','','','','',0.00,'',0.00,'Light Academy','','','','','0701484401','','','','','','','','',0,'','','KES',0.00000,'','','',0.0000,0,0.0000,0.0000,0.0000,0,0,'','General',''),('',0,0,'','DrKi000269','','','','',0.00,'',0.00,'Kipngeno Mutai','','','','','0728574209','','','','kipngenomtai@gmail.com','Nairobi','','','',0,'','','KES',0.00000,'','','',0.0000,0,0.0000,0.0000,0.0000,0,0,'','General',''),('',0,0,'','DrMu000270','','','','',0.00,'',0.00,'Muranga County Cremeries Cooperative Union','','','','','0710741040','','38','','murangacremeries@gmail.com','Maragua','Kenya','','',0,'','','KES',0.00000,'','','',0.0000,0,0.0000,0.0000,0.0000,0,0,'','General',''),('',0,0,'','DrEn000271','','','','',0.00,'',0.00,'Eng Rop Kiprono','','','','','','','','','','Nairobi','','','',0,'','','KES',0.00000,'','','',0.0000,0,0.0000,0.0000,0.0000,0,0,'','General',''),('',0,0,'','DrSh000272','','','','',0.00,'',0.00,'Shelter Afrique','','','','','0731651286','','Upper Hill,','','salome@sdnlimited.com','Nairobi','Kenya','','',0,'','','KES',0.00000,'','','',0.0000,0,0.0000,0.0000,0.0000,0,0,'','General',''),('',0,0,'','DrSu000273','','','','',0.00,'',0.00,'Superior Highland Dairies & Food Ltd.','','','','','0728932910','','P,O Box 116','','info@superiordairy.com','Embu','Kenya','','',0,'','','KES',0.00000,'','','',0.0000,0,0.0000,0.0000,0.0000,0,0,'','General',''),('',0,0,'','DrGR000274','','','','',0.00,'',0.00,'GREENDIME CONSULTANTS','','','','','0723150265','','','0702040286','greendimeconsultants@gmail.com','Nairobi','Kenya','','',0,'','','KES',0.00000,'','','',0.0000,0,0.0000,0.0000,0.0000,0,0,'','General',''),('',0,0,'','DrAl000275','','','','',0.00,'',0.00,'Allpack Industries','','','','','','','','','','','','','',0,'','','KES',0.00000,'','','',0.0000,0,0.0000,0.0000,0.0000,0,0,'','General',''),('',0,0,'','DrNd000276','','','','',0.00,'',0.00,'Ndivisi Enterprises Limited','','','','','0720720724','','P.O.BOX  7666-00100','','info@ndivisi.com','Nairobi','Kenya','','',0,'','','KES',0.00000,'','','',0.0000,0,0.0000,0.0000,0.0000,0,0,'','General',''),('',0,0,'','DrLa000277','','','','',0.00,'',0.00,'Lake Oil Limited','','','','','','','P.O Box 37376','','patrick.gichohu@lakeoilgroup.com','Nairobi','Kenya','','',0,'','off Nanyuki Rd, Industrial Area','KES',0.00000,'','','',0.0000,0,0.0000,0.0000,0.0000,0,0,'','General',''),('',0,0,'','DrPe000278','','','','',0.00,'',0.00,'Perry Fresh Limited','','','','','0711808914','','1854-00900','0706093905','info@perryfresh.com','Kiambu','Kenya','','',0,'','','KES',0.00000,'','','',0.0000,0,0.0000,0.0000,0.0000,0,0,'','General',''),('',0,0,'','DrNd000279','','','','',0.00,'',0.00,'Ndivisi Enterprises ','','','','','0711916772','','7666-00100','','j.wakala@ndivisi.com','Nairobi','Kenya','','',0,'','Nairobi','KES',0.00000,'','','',0.0000,0,0.0000,0.0000,0.0000,0,0,'','General',''),('',0,0,'','DrGr000280','','','','',0.00,'',0.00,'Green Energy Limited ','','','','','Salim Ahmed','0721568386','P.O Box 16915 - 00100','','info@greenenegy.co.ke','Nairobi.','Kenya','','',0,'','Nairobi.','KES',0.00000,'','','',0.0000,0,0.0000,0.0000,0.0000,0,0,'','General',''),('',0,0,'','DrGr000281','','','','',0.00,'',0.00,'Green Energy Limited ','','','','','Salim Ahmed','0721568386','P.O Box 16915 - 00100','','info@greenenegy.co.ke','Nairobi.','Kenya','','',0,'','Nairobi.','KES',0.00000,'','','',0.0000,0,0.0000,0.0000,0.0000,0,0,'','General',''),('',0,0,'','DrRu000282','','','','',0.00,'',0.00,'Ruai Blueline Feeds','','','','','','','480-00520, Nairobi','','nyamsmartha@gmail.com','Nairobi','Kenya','','',0,'','','KES',0.00000,'','','',0.0000,0,0.0000,0.0000,0.0000,0,0,'','General',''),('',0,0,'','DrKu000283','','','','',0.00,'',0.00,'Kutoka Ardhini-Mt. Kenya','','','','','0719596878','','','','','Nyeri','','','',0,'','','KES',0.00000,'','','',0.0000,0,0.0000,0.0000,0.0000,0,0,'','General',''),('',0,0,'','DrSW000284','','','','',0.00,'',0.00,'Swaswa Service station ','','','','','0713353677','','90-00207','','','Nairobi','Kenya','','',0,'','','KES',0.00000,'','','',0.0000,0,0.0000,0.0000,0.0000,0,0,'','General',''),('',0,0,'','DrEa000285','','','','',0.00,'',0.00,'East Africa Data Centres','','','','','','','','','','Nairobi','Kenya','','',0,'','','KES',0.00000,'','','',0.0000,0,0.0000,0.0000,0.0000,0,0,'','General',''),('',0,0,'','DrCo000286','','','','',0.00,'',0.00,'Cocacola Beverages Kenya-Metro','','','','','','','','','','Nairobi','Kenya','','',0,'','','KES',0.00000,'','','',0.0000,0,0.0000,0.0000,0.0000,0,0,'','General',''),('',0,0,'','DrSp000287','','','','',0.00,'',0.00,'Spiritans Technical College','','','','','0748450484','','433-90132','','spiritanstechnical@gmail.com','Sultan-Hamud','','','',0,'','','KES',0.00000,'','','',0.0000,0,0.0000,0.0000,0.0000,0,0,'','General',''),('',0,0,'','DrCo000288','','','','',0.00,'',0.00,'Country Delight Dairy Ltd','','','','','','','1446-20300','','','Nyahururu','Kenya','','',0,'','','KES',0.00000,'','','',0.0000,0,0.0000,0.0000,0.0000,0,0,'','General',''),('',0,0,'','DrCo000289','','','','',0.00,'',0.00,'Dodla Dairy K Ltd','','','','','','','1446-20300','','','Nyahururu','Kenya','','',0,'','','KES',0.00000,'','','',0.0000,0,0.0000,0.0000,0.0000,0,0,'','General',''),('',0,0,'','DrRo000290','','','','',0.00,'',0.00,'Rossi Rei Limited','','','','','0711908888','','42468-00100','','rossireiltd@gmail.com','Nairobi','Kenya','','',0,'','','KES',0.00000,'','','',0.0000,0,0.0000,0.0000,0.0000,0,0,'','General',''),('',0,0,'','DrSi000291','','','','',0.00,'',0.00,'Simon Kiguru','','','','','0704743225','','','','','','','','',0,'','','KES',0.00000,'','','',0.0000,0,0.0000,0.0000,0.0000,0,0,'','General',''),('',0,0,'','DrMu000292','','','','',0.00,'',0.00,'Mutuo Stella','','','','','0758146150','','Kutus','','stellamasaa53@gmail.com','','Kenya','','',0,'','','KES',0.00000,'','','',0.0000,0,0.0000,0.0000,0.0000,0,0,'','General',''),('',0,0,'','DrNo000293','','','','',0.00,'',0.00,'No. 34 UN Crescent Road','','','','','','','1813-00621','','','Nairobi','Kenya','','',0,'','','KES',0.00000,'','','',0.0000,0,0.0000,0.0000,0.0000,0,0,'','General',''),('',0,0,'','DrJo000294','','','','',0.00,'',0.00,'John Mugambi','','','','','0723126760','','52626','','homesrenal@gmail.com','Nairobi','','','',0,'','','KES',0.00000,'','','',0.0000,0,0.0000,0.0000,0.0000,0,0,'','General',''),('',0,0,'','DrZi000295','','','','',0.00,'',0.00,'Ziara Dairies Limited','','','','','0740945166','','27413-00100','','info@ziaradairies.com','Nairobi','Kenya','','',0,'','','KES',0.00000,'','','',0.0000,0,0.0000,0.0000,0.0000,0,0,'','General',''),('',0,0,'','DrSi000296','','','','',0.00,'',0.00,'Sidari Feeds Ltd','','','','','0722147359','','','','jnyoro15@gmail.com','Kikuyu','','','',0,'','','KES',0.00000,'','','',0.0000,0,0.0000,0.0000,0.0000,0,0,'','General',''),('',0,0,'','DrMb000297','','','','',0.00,'',0.00,'Mbesa Feeds','','','','','0728689861','','','','','','Kenya','','',0,'','','KES',0.00000,'','','',0.0000,0,0.0000,0.0000,0.0000,0,0,'','General',''),('',0,0,'','DrWe000298','','','','',0.00,'',0.00,'Weldings Alloys Limited','','','','','','','P.O Box 78055 - 00507','','','Nairobi','Kenya','','',0,'','Nairobi','KES',0.00000,'','','',0.0000,0,0.0000,0.0000,0.0000,0,0,'','General',''),('',0,0,'','DrBl000298','','','','',0.00,'',0.00,'Black Olive Limited','','','','','','','P.O. BOX 11192 - 00100,','','','Nairobi','Kenya','','',0,'','Nairobi','KES',0.00000,'','','',0.0000,0,0.0000,0.0000,0.0000,0,0,'','General',''),('',0,0,'','DrBa000299','','','','',0.00,'',0.00,'Bahari Chai ','','','','','','','P.O. BOX 25577 - 00100,','','','Nairobi','Kenya','','',0,'','Nairobi','KES',0.00000,'','','',0.0000,0,0.0000,0.0000,0.0000,0,0,'','General',''),('',0,0,'','DrBa000300','','','','',0.00,'',0.00,'Bahari Chai ','','','','','','','P.O. Box 25577 - 00100,','','','Nairobi','Kenya','','',0,'','Nairobi','KES',0.00000,'','','',0.0000,0,0.0000,0.0000,0.0000,0,0,'','General',''),('',0,0,'','DrVi000301','','','','',0.00,'',0.00,'Victorian Ventures Ltd','','','P051419160I','','','','P.O. Box 4273 - 00200,','','rukungu.margaret@gmail.com','Nairobi','Kenya','','',0,'','Nairobi','KES',0.00000,'','','',0.0000,0,0.0000,0.0000,0.0000,0,0,'','General',''),('',0,0,'','DrOr000302','','','','',0.00,'',0.00,'Origen Fresh','','','','','0724576307','','P.O. BOX 48625','','','Nairobi','Kenya','','',0,'','','KES',0.00000,'','','',0.0000,0,0.0000,0.0000,0.0000,0,0,'','General',''),('',0,0,'','DrMa000303','','','','',0.00,'',0.00,'Max -Vet Essential Chemicals ','','','','','0705243423','','2913','','','Thika','Kenya','','',0,'','','KES',0.00000,'','','',0.0000,0,0.0000,0.0000,0.0000,0,0,'','General',''),('',0,0,'','DrSp000304','','','','',0.00,'',0.00,'Space Cafe food Products Ltd','','','','','0716166599','','71108-00610','','','Nairobi','Kenya','','',0,'','','KES',0.00000,'','','',0.0000,0,0.0000,0.0000,0.0000,0,0,'','General',''),('',0,0,'','DrSp000305','','','','',0.00,'',0.00,'Space Cafe food Products Ltd','','','','','0716166599','','71108-00610','','','Nairobi','Kenya','','',0,'','','KES',0.00000,'','','',0.0000,0,0.0000,0.0000,0.0000,0,0,'','General',''),('',0,0,'','DrIN000306','','','','',0.00,'',0.00,'INTERBEAUTY PRODUCTS LTD','','','','','0709 977 10','','P.O. BOX 35765-00100','','salome.muthengi@loreal.com','Nairobi','Kenya','','',0,'','','KES',0.00000,'','','',0.0000,0,0.0000,0.0000,0.0000,0,0,'','General',''),('',0,0,'','DrIN000307','','','','',0.00,'',0.00,'INTERBEAUTY PRODUCTS LTD','','','','','0709 977 10','','P.O. BOX 35765-00100','','salome.muthengi@loreal.com','Nairobi','Kenya','','',0,'','','KES',0.00000,'','','',0.0000,0,0.0000,0.0000,0.0000,0,0,'','General',''),('',0,0,'','DrBo000308','','','','',0.00,'',0.00,'Boniface L. Lenairosa','','','','','0722258582','','1842-00100','','btajewa@gmail.com','Nairobi','Kenya','','',0,'','','KES',0.00000,'','','',0.0000,0,0.0000,0.0000,0.0000,0,0,'','General',''),('',0,0,'','DrKo000309','','','','',0.00,'',0.00,'Kotara Limited','','','P052237613W','','','','','','','Nairobi','Kenya','','',0,'','','KES',0.00000,'','','',0.0000,0,0.0000,0.0000,0.0000,0,0,'','General',''),('',0,0,'','DrTh000310','','','','',0.00,'',0.00,'Thyaka Investment Company Limited','','','','','0742081270','','P.O. BOX 26098-00100','0783916668','','Nairobi','Kenya','','',0,'','','KES',0.00000,'','','',0.0000,0,0.0000,0.0000,0.0000,0,0,'','General',''),('',0,0,'','DrTh000311','','','','',0.00,'',0.00,'Thyaka Investment Company Limited','','','','','0742081270','','P.O. BOX 26098-00100','0783916668','','Nairobi','Kenya','','',0,'','','KES',0.00000,'','','',0.0000,0,0.0000,0.0000,0.0000,0,0,'','General',''),('',0,0,'','DrTh000312','','','','',0.00,'',0.00,'Thyaka Investment Company Limited','','','','','0742081270','','P.O. BOX 26098-00100','0783916668','','Nairobi','Kenya','','',0,'','','KES',0.00000,'','','',0.0000,0,0.0000,0.0000,0.0000,0,0,'','General',''),('',0,0,'','DrFa000313','','','','',0.00,'',0.00,'Farmers choice','','','','','0721786489','','47791-00100','','vmathenge@farmerschoice.co.ke','Nairobi','Kenya','','',0,'','','KES',0.00000,'','','',0.0000,0,0.0000,0.0000,0.0000,0,0,'','General',''),('',0,0,'','Dr000315','','','','',0.00,'',0.00,'','','','','','','','','','','','','','',0,'','','KES',0.00000,'','','',0.0000,0,0.0000,0.0000,0.0000,0,0,'','General',''),('',0,0,'','DrLa000316','','','','',0.00,'',0.00,'Labworks East Africa Ltd','','','','','07','','P.O. BOX 6459-00100.','','info@labworksea.com','Nairobi','Kenya','','',0,'','Nairobi','KES',0.00000,'','','',0.0000,0,0.0000,0.0000,0.0000,0,0,'','General',''),('',0,0,'','DrJe000317','','','','',0.00,'',0.00,'Jeveld Dairy Limited','','','','','','','','','','Nyeri','Kenya','','',0,'','','KES',0.00000,'','','',0.0000,0,0.0000,0.0000,0.0000,0,0,'','General',''),('',0,0,'','DrJo000318','','','','',0.00,'',0.00,'Jordan Hospital Medical College','','','','','','','','','hr@jordanhospital.or.ke','','','','',0,'','','KES',0.00000,'','','',0.0000,0,0.0000,0.0000,0.0000,0,0,'','General',''),('',0,0,'','DrNg000319','','','','',0.00,'',0.00,'Ngong vege growers','','','','','','','Kiserian -kenya','','','','','','',0,'','782-00517','KES',0.00000,'','','',0.0000,0,0.0000,0.0000,0.0000,0,0,'','General',''),('',0,0,'','Drli000320','','','','',0.00,'',0.00,'lishe Bora','','','','','','','','','','','','','',0,'','','KES',0.00000,'','','',0.0000,0,0.0000,0.0000,0.0000,0,0,'','General',''),('',0,0,'','DrLi000321','','','','',0.00,'',0.00,'Lishe Bora','','','','','','','','','','','','','',0,'','','KES',0.00000,'','','',0.0000,0,0.0000,0.0000,0.0000,0,0,'','General',''),('',0,0,'','DrGi000322','','','','',0.00,'',0.00,'Giloil Ltd','','','','','','','','','','','','','',0,'','','KES',0.00000,'','','',0.0000,0,0.0000,0.0000,0.0000,0,0,'','General',''),('',0,0,'','DrBr000323','','','','',0.00,'',0.00,'Brighton International School','','','','','','','P.O. Box 12930-00100Nairobi ,Machakos','','','Nairobi','Kenya','','',0,'','','KES',0.00000,'','','',0.0000,0,0.0000,0.0000,0.0000,0,0,'','General','');
/*!40000 ALTER TABLE `debtors` ENABLE KEYS */;
UNLOCK TABLES;

--
-- Table structure for table `menu_items`
--

DROP TABLE IF EXISTS `menu_items`;
/*!40101 SET @saved_cs_client     = @@character_set_client */;
/*!50503 SET character_set_client = utf8mb4 */;
CREATE TABLE `menu_items` (
  `id` int NOT NULL AUTO_INCREMENT,
  `title` varchar(255) NOT NULL,
  `icon` varchar(255) DEFAULT NULL,
  `url` varchar(255) DEFAULT NULL,
  `parent_id` int DEFAULT NULL,
  `security_id` int NOT NULL,
  PRIMARY KEY (`id`),
  KEY `parent_id` (`parent_id`),
  CONSTRAINT `menu_items_ibfk_1` FOREIGN KEY (`parent_id`) REFERENCES `menu_items` (`id`)
) ENGINE=InnoDB AUTO_INCREMENT DEFAULT CHARSET=utf8mb4 COLLATE=utf8mb4_0900_ai_ci;
/*!40101 SET character_set_client = @saved_cs_client */;

--
-- Dumping data for table `menu_items`
--

LOCK TABLES `menu_items` WRITE;
/*!40000 ALTER TABLE `menu_items` DISABLE KEYS */;
INSERT INTO `menu_items` VALUES (1,'Sample Management','fas fa-vial',NULL,NULL,0),(2,'Register a New Sample',NULL,'sampleregistration.php',1,2),(3,'Track Sample Status',NULL,'sample-tracking.php',1,3),(4,'Process Sample',NULL,'sample-processing.php',1,3),(5,'Store and Retrieve Samples',NULL,'sample-storage.php',1,3),(6,'Request Tests',NULL,'test-requests.php',1,3),(7,'Enter and Approve Results',NULL,'results-entry-validation.php',1,2),(8,'Dispose of Samples',NULL,'sample-disposal.php',1,3),(9,'Maintain Sample Standards',NULL,'teststandards.php',1,3),(10,'Maintain Sample Parameters',NULL,'parameters.php',1,3),(11,'Environmental Monitoring','fas fa-seedling',NULL,NULL,0),(12,'Schedule Environmental Tests',NULL,'environmental-schedule.php',2,2),(13,'Monitor Environmental Data',NULL,'environmental-monitoring.php',2,2),(14,'Generate Environmental Reports',NULL,'environmental-reports.php',2,2),(15,'Chain of Custody','fas fa-link',NULL,NULL,0),(16,'Log Custody Transfers',NULL,'custody-log.php',3,4),(17,'Track Custody History',NULL,'custody-tracking.php',3,4),(18,'Quality Assurance','fas fa-balance-scale',NULL,NULL,0),(19,'Perform QA Checks',NULL,'qa-checks.php',4,2),(20,'View QA Reports',NULL,'qa-reports.php',4,2),(21,'Reports','fas fa-chart-pie',NULL,NULL,0),(22,'Generate Sample Reports',NULL,'sample-reports.php',5,2),(23,'Generate Environmental Reports',NULL,'environmental-reports.php',5,2),(24,'Custom Report Builder',NULL,'interactive-reports.php',5,2),(25,'Alerts and Notifications','fas fa-sms','sms-alerts.php',NULL,2),(26,'Blockchain Ledger','fas fa-lock','blockchain-ledger.php',NULL,1),(27,'Predictive Analysis','fas fa-chart-line','predictive-analysis.php',NULL,3),(28,'Admin','fas fa-user-circle',NULL,NULL,0),(29,'Assign Roles','fas fa-user-circle','rolemanager.php',28,0);
/*!40000 ALTER TABLE `menu_items` ENABLE KEYS */;
UNLOCK TABLES;

--
-- Table structure for table `page_security`
--

DROP TABLE IF EXISTS `page_security`;
/*!40101 SET @saved_cs_client     = @@character_set_client */;
/*!50503 SET character_set_client = utf8mb4 */;
CREATE TABLE `page_security` (
  `id` int NOT NULL AUTO_INCREMENT,
  `page_name` varchar(255) NOT NULL,
  `page_url` varchar(255) NOT NULL,
  `security_id` int NOT NULL,
  PRIMARY KEY (`id`)
) ENGINE=InnoDB DEFAULT CHARSET=utf8mb4 COLLATE=utf8mb4_0900_ai_ci;
/*!40101 SET character_set_client = @saved_cs_client */;

--
-- Dumping data for table `page_security`
--

LOCK TABLES `page_security` WRITE;
/*!40000 ALTER TABLE `page_security` DISABLE KEYS */;
/*!40000 ALTER TABLE `page_security` ENABLE KEYS */;
UNLOCK TABLES;

--
-- Table structure for table `password_reset`
--

DROP TABLE IF EXISTS `password_reset`;
/*!40101 SET @saved_cs_client     = @@character_set_client */;
/*!50503 SET character_set_client = utf8mb4 */;
CREATE TABLE `password_reset` (
  `reset_id` int NOT NULL AUTO_INCREMENT,
  `user_id` int NOT NULL,
  `reset_token` varchar(255) NOT NULL,
  `created_at` timestamp NULL DEFAULT CURRENT_TIMESTAMP,
  `expires_at` timestamp NULL DEFAULT NULL,
  `is_used` tinyint(1) DEFAULT '0',
  PRIMARY KEY (`reset_id`),
  UNIQUE KEY `reset_token` (`reset_token`),
  KEY `user_id` (`user_id`),
  CONSTRAINT `password_reset_ibfk_1` FOREIGN KEY (`user_id`) REFERENCES `users` (`user_id`) ON DELETE CASCADE
) ENGINE=InnoDB AUTO_INCREMENT=5 DEFAULT CHARSET=utf8mb4 COLLATE=utf8mb4_0900_ai_ci;
/*!40101 SET character_set_client = @saved_cs_client */;

--
-- Dumping data for table `password_reset`
--

LOCK TABLES `password_reset` WRITE;
/*!40000 ALTER TABLE `password_reset` DISABLE KEYS */;
INSERT INTO `password_reset` VALUES (3,10,'831130b588b8beb34b169257b4d83a00','2024-12-21 13:09:38','2024-12-21 03:09:38',1),(4,10,'7e5e28da00f991842741d44df9862b75','2024-12-21 14:14:14','2024-12-21 04:14:14',1);
/*!40000 ALTER TABLE `password_reset` ENABLE KEYS */;
UNLOCK TABLES;

--
-- Table structure for table `role_security`
--

DROP TABLE IF EXISTS `role_security`;
/*!40101 SET @saved_cs_client     = @@character_set_client */;
/*!50503 SET character_set_client = utf8mb4 */;
CREATE TABLE `role_security` (
  `role_id` int NOT NULL,
  `security_id` int NOT NULL,
  PRIMARY KEY (`role_id`,`security_id`),
  CONSTRAINT `role_security_ibfk_1` FOREIGN KEY (`role_id`) REFERENCES `roles` (`id`)
) ENGINE=InnoDB DEFAULT CHARSET=utf8mb4 COLLATE=utf8mb4_0900_ai_ci;
/*!40101 SET character_set_client = @saved_cs_client */;

--
-- Dumping data for table `role_security`
--

LOCK TABLES `role_security` WRITE;
/*!40000 ALTER TABLE `role_security` DISABLE KEYS */;
INSERT INTO `role_security` VALUES (1,1),(1,2),(1,3),(10,2),(10,3),(10,4),(10,5),(10,6),(10,7),(10,8);
/*!40000 ALTER TABLE `role_security` ENABLE KEYS */;
UNLOCK TABLES;

--
-- Table structure for table `roles`
--

DROP TABLE IF EXISTS `roles`;
/*!40101 SET @saved_cs_client     = @@character_set_client */;
/*!50503 SET character_set_client = utf8mb4 */;
CREATE TABLE `roles` (
  `id` int NOT NULL,
  `role_name` varchar(255) NOT NULL,
  `role_description` varchar(255) NOT NULL,
  PRIMARY KEY (`id`)
) ENGINE=InnoDB DEFAULT CHARSET=utf8mb4 COLLATE=utf8mb4_0900_ai_ci;
/*!40101 SET character_set_client = @saved_cs_client */;

--
-- Dumping data for table `roles`
--

LOCK TABLES `roles` WRITE;
/*!40000 ALTER TABLE `roles` DISABLE KEYS */;
INSERT INTO `roles` VALUES (1,'Administrator','Full access to all features and settings'),(2,'Manager','Access to high-level management features'),(3,'Supervisor','Can oversee operations and moderate content'),(4,'Editor','Can create, edit, and update content'),(5,'Viewer','Read-only access to view dashboards and reports'),(6,'Quality Analyst','Access to quality control and assurance tools'),(7,'Laboratory Technician','Handles sample processing and data entry'),(8,'Customer Support','Access to client communication and basic operations'),(9,'Auditor','Access to logs, reports, and audit trails'),(10,'Guest','Limited access for temporary users');
/*!40000 ALTER TABLE `roles` ENABLE KEYS */;
UNLOCK TABLES;

--
-- Table structure for table `sample_header`
--

DROP TABLE IF EXISTS `sample_header`;
/*!40101 SET @saved_cs_client     = @@character_set_client */;
/*!50503 SET character_set_client = utf8mb4 */;
CREATE TABLE `sample_header` (
  `HeaderID` int NOT NULL AUTO_INCREMENT,
  `Date` datetime NOT NULL,
  `DocumentNo` varchar(50) NOT NULL,
  `CustomerName` varchar(255) NOT NULL,
  `CustomerID` varchar(50) NOT NULL,
  `SampledBy` varchar(100) NOT NULL,
  `SamplingMethod` varchar(255) NOT NULL,
  `SamplingDate` datetime NOT NULL,
  `OrderNo` varchar(50) NOT NULL,
  `ScopeOfWork` text,
  `NumberOfSamples` int NOT NULL,
  `User_name` varchar(255) NOT NULL,
  PRIMARY KEY (`HeaderID`)
) ENGINE=InnoDB AUTO_INCREMENT=9 DEFAULT CHARSET=utf8mb4 COLLATE=utf8mb4_0900_ai_ci;
/*!40101 SET character_set_client = @saved_cs_client */;

--
-- Dumping data for table `sample_header`
--

LOCK TABLES `sample_header` WRITE;
/*!40000 ALTER TABLE `sample_header` DISABLE KEYS */;
INSERT INTO `sample_header` VALUES (8,'2024-12-21 00:00:00','24/000470','NAS Airport services','DrNA0000','sampled by','official','2024-12-19 00:00:00','LPO','ALL',1,'admin');
/*!40000 ALTER TABLE `sample_header` ENABLE KEYS */;
UNLOCK TABLES;

--
-- Table structure for table `sample_tests`
--

DROP TABLE IF EXISTS `sample_tests`;
/*!40101 SET @saved_cs_client     = @@character_set_client */;
/*!50503 SET character_set_client = utf8mb4 */;
CREATE TABLE `sample_tests` (
  `TestID` int NOT NULL AUTO_INCREMENT,
  `HeaderID` int NOT NULL,
  `SampleID` varchar(20) NOT NULL,
  `StandardID` int NOT NULL,
  `ParameterID` int NOT NULL,
  `SampleFileKey` varchar(255) NOT NULL,
  `SampleFee` decimal(10,2) NOT NULL DEFAULT '0.00',
  `SKU` varchar(100) DEFAULT NULL,
  `BatchNo` varchar(50) DEFAULT NULL,
  `BatchSize` int DEFAULT NULL,
  `ManufactureDate` datetime DEFAULT NULL,
  `ExpDate` datetime DEFAULT NULL,
  `ExternalSample` varchar(255) DEFAULT NULL,
  `MRL_Result` decimal(10,4) DEFAULT NULL,
  `StandardLimit_Result` decimal(10,4) DEFAULT NULL,
  `ResultStatus` enum('ND','Absent','Detected','Below Limit','Detected Range','Trace','Above Limit','Inconclusive','Error','Invalid') DEFAULT NULL,
  `RangeResult` varchar(255) DEFAULT NULL,
  `User_name` varchar(255) NOT NULL,
  PRIMARY KEY (`TestID`),
  KEY `HeaderID` (`HeaderID`),
  KEY `ParameterID` (`ParameterID`),
  KEY `StandardID` (`StandardID`),
  CONSTRAINT `sample_tests_ibfk_1` FOREIGN KEY (`HeaderID`) REFERENCES `sample_header` (`HeaderID`) ON DELETE RESTRICT,
  CONSTRAINT `sample_tests_ibfk_2` FOREIGN KEY (`ParameterID`) REFERENCES `testparameters` (`ParameterID`) ON DELETE RESTRICT,
  CONSTRAINT `sample_tests_ibfk_3` FOREIGN KEY (`StandardID`) REFERENCES `testparameters` (`StandardID`) ON DELETE RESTRICT
) ENGINE=InnoDB AUTO_INCREMENT=4 DEFAULT CHARSET=utf8mb4 COLLATE=utf8mb4_0900_ai_ci;
/*!40101 SET character_set_client = @saved_cs_client */;

--
-- Dumping data for table `sample_tests`
--

LOCK TABLES `sample_tests` WRITE;
/*!40000 ALTER TABLE `sample_tests` DISABLE KEYS */;
INSERT INTO `sample_tests` VALUES (1,8,'LW005126',1,1,'../uploads/LW005126.png',0.00,'','',1,'2024-12-01 00:00:00','2024-12-30 00:00:00','',NULL,NULL,NULL,NULL,'admin'),(2,8,'LW005127',1,4,'../uploads/LW005126.png',0.00,'','',1,'2024-12-01 00:00:00','2024-12-30 00:00:00','',NULL,NULL,NULL,NULL,'admin'),(3,8,'LW005128',1,7,'../uploads/LW005126.png',0.00,'','',1,'2024-12-01 00:00:00','2024-12-30 00:00:00','',NULL,NULL,NULL,NULL,'admin');
/*!40000 ALTER TABLE `sample_tests` ENABLE KEYS */;
UNLOCK TABLES;

--
-- Table structure for table `systypes`
--

DROP TABLE IF EXISTS `systypes`;
/*!40101 SET @saved_cs_client     = @@character_set_client */;
/*!50503 SET character_set_client = utf8mb4 */;
CREATE TABLE `systypes` (
  `typeid` smallint NOT NULL DEFAULT '0',
  `typename` char(50) NOT NULL,
  `typeno` int NOT NULL DEFAULT '1',
  `prefix` varchar(5) DEFAULT NULL,
  PRIMARY KEY (`typeid`)
) ENGINE=InnoDB DEFAULT CHARSET=utf8mb3;
/*!40101 SET character_set_client = @saved_cs_client */;

--
-- Dumping data for table `systypes`
--

LOCK TABLES `systypes` WRITE;
/*!40000 ALTER TABLE `systypes` DISABLE KEYS */;
INSERT INTO `systypes` VALUES (0,'Journal - GL',88,'Jv'),(1,'SalesOrder',11,'SO'),(2,'Pettey Cash',0,'PC'),(3,'Standing Journal',2,''),(10,'Sales Invoice',470,'24/'),(11,'Credit Note',0,'CN'),(12,'Receipt',1,'Rct'),(13,'Credit note debtors',0,'Rvs'),(15,'Journal - Debtors',219,' '),(16,'Location Transfer',0,''),(17,'Stock Adjustment',2,''),(18,'Purchase Order',63,'LPO'),(19,'Picking List',5128,'LW'),(20,'Purchase Invoice',32,'PINV'),(21,'Debit Note',0,'DN'),(22,'Creditors Payment',0,''),(23,'Creditors Journal',0,''),(24,'Purchase Returns',0,'PR'),(25,'Purchase Order Delivery',1,''),(26,'Work Order Receipt',0,'WRK'),(28,'Work Order Issue',0,'B/No'),(29,'Work Order Variance',0,''),(30,'Goods Received Note',0,'GRN'),(31,'INVOICE',2,'INV'),(32,'Contract Close',0,''),(35,'Cost Update',0,''),(36,'Exchange Difference',4,''),(37,'Tenders',0,''),(38,'Stock Requests',0,''),(40,'Work Order',0,'REQ'),(41,'Asset Addition',34,''),(42,'Asset Category Change',0,''),(43,'Delete w/down asset',0,''),(44,'Depreciation',1,''),(49,'Import Fixed Assets',0,''),(50,'Opening Balance',0,''),(51,'Leave Application Form',0,''),(52,'Payroll Posting',0,''),(53,'Payment Voucher',0,''),(54,'Sales Quotation',10,'QUO'),(55,'Hire Equipments',1,'FA-'),(500,'Auto Debtor Number',0,'');
/*!40000 ALTER TABLE `systypes` ENABLE KEYS */;
UNLOCK TABLES;

--
-- Table structure for table `testparameters`
--

DROP TABLE IF EXISTS `testparameters`;
/*!40101 SET @saved_cs_client     = @@character_set_client */;
/*!50503 SET character_set_client = utf8mb4 */;
CREATE TABLE `testparameters` (
  `ParameterID` int NOT NULL AUTO_INCREMENT,
  `ParameterName` varchar(255) NOT NULL,
  `StandardID` int NOT NULL,
  `Limits` varchar(255) DEFAULT NULL,
  `MinLimit` decimal(10,2) DEFAULT NULL,
  `MaxLimit` decimal(10,2) DEFAULT NULL,
  `Method` varchar(255) DEFAULT NULL,
  `Vital` tinyint(1) DEFAULT '0',
  `Category` enum('microbiological','chemical') DEFAULT 'chemical',
  `MRL` decimal(10,2) DEFAULT NULL,
  `MRLUnit` varchar(50) DEFAULT NULL,
  `CreatedAt` datetime DEFAULT CURRENT_TIMESTAMP,
  `UpdatedAt` datetime DEFAULT NULL ON UPDATE CURRENT_TIMESTAMP,
  `UnitOfMeasure` varchar(50) DEFAULT NULL,
  PRIMARY KEY (`ParameterID`),
  KEY `StandardID` (`StandardID`),
  CONSTRAINT `testparameters_ibfk_1` FOREIGN KEY (`StandardID`) REFERENCES `teststandards` (`StandardID`) ON DELETE CASCADE
) ENGINE=InnoDB AUTO_INCREMENT=82 DEFAULT CHARSET=utf8mb4 COLLATE=utf8mb4_0900_ai_ci;
/*!40101 SET character_set_client = @saved_cs_client */;

--
-- Dumping data for table `testparameters`
--

LOCK TABLES `testparameters` WRITE;
/*!40000 ALTER TABLE `testparameters` DISABLE KEYS */;
INSERT INTO `testparameters` VALUES (1,'Total coliforms, cfu per g',1,NULL,0.00,0.00,'cfu',0,'microbiological',0.00,'','2024-12-13 12:46:40',NULL,'X2'),(2,'Presumptive Escherichia coli, cfu per g',1,NULL,0.00,0.00,'cfu',0,'microbiological',0.00,'','2024-12-13 12:46:40',NULL,'10 2'),(3,'Coagulase-positive staphylococcus aureus, cfu per g',1,NULL,0.00,0.00,'cfu',0,'microbiological',0.00,'','2024-12-13 12:46:40',NULL,'Absent'),(4,'Salmonella spp cfu per 25g',1,NULL,0.00,0.00,'cfu',0,'microbiological',0.00,'','2024-12-13 12:46:40',NULL,'Absent'),(5,'Yeasts and Mould, cfu per g',1,NULL,0.00,0.00,'cfu',0,'microbiological',0.00,'','2024-12-13 12:46:41',NULL,'10 4'),(6,'Clostridium perfringens, cfu per g',1,NULL,0.00,0.00,'cfu',0,'microbiological',0.00,'','2024-12-13 12:46:41',NULL,'10 2'),(7,'Acid insoluble Ash % by mass (dry basis) max.',1,NULL,0.00,0.00,'%',0,'microbiological',0.00,'','2024-12-13 12:46:41',NULL,'0.5'),(8,'Total soluble Ash % by mass(dry basis) max.',1,NULL,0.00,0.00,'%',0,'microbiological',0.00,'','2024-12-13 12:46:41',NULL,'5.5'),(9,'Moisture content% by mass max. (ground)',1,NULL,0.00,0.00,'%',0,'microbiological',0.00,'','2024-12-13 12:46:41',NULL,'8'),(10,'Total coliforms, cfu per g',2,NULL,0.00,0.00,'cfu',0,'microbiological',0.00,'','2024-12-13 12:54:49',NULL,'X2'),(11,'Presumptive Escherichia coli, cfu per g',2,NULL,0.00,0.00,'cfu',0,'microbiological',0.00,'','2024-12-13 12:54:49',NULL,'10 2'),(12,'Coagulase-positive staphylococcus aureus, cfu per g',2,NULL,0.00,0.00,'cfu',0,'microbiological',0.00,'','2024-12-13 12:54:50',NULL,'Absent'),(13,'Salmonella spp cfu per 25g',2,NULL,0.00,0.00,'cfu',0,'microbiological',0.00,'','2024-12-13 12:54:50',NULL,'Absent'),(14,'Yeasts and Mould, cfu per g',2,NULL,0.00,0.00,'cfu',0,'microbiological',0.00,'','2024-12-13 12:54:50',NULL,'10 4'),(15,'Clostridium perfringens, cfu per g',2,NULL,0.00,0.00,'cfu',0,'microbiological',0.00,'','2024-12-13 12:54:50',NULL,'10 2'),(16,'Acid insoluble Ash % by mass (dry basis) max.',2,NULL,0.00,0.00,'%',0,'microbiological',0.00,'','2024-12-13 12:54:50',NULL,'0.5'),(17,'Total soluble Ash % by mass(dry basis) max.',2,NULL,0.00,0.00,'%',0,'microbiological',0.00,'','2024-12-13 12:54:50',NULL,'5.5'),(18,'Moisture content% by mass max. (ground)',2,NULL,0.00,0.00,'%',0,'microbiological',0.00,'','2024-12-13 12:54:50',NULL,'8'),(19,'Total coliforms, cfu per g',4,NULL,0.00,0.00,'cfu',0,'microbiological',0.00,'','2024-12-13 12:57:26',NULL,'X2'),(20,'Presumptive Escherichia coli, cfu per g',4,NULL,0.00,0.00,'cfu',0,'microbiological',0.00,'','2024-12-13 12:57:26',NULL,'10 2'),(21,'Coagulase-positive staphylococcus aureus, cfu per g',4,NULL,0.00,0.00,'cfu',0,'microbiological',0.00,'','2024-12-13 12:57:27',NULL,'Absent'),(22,'Salmonella spp cfu per 25g',4,NULL,0.00,0.00,'cfu',0,'microbiological',0.00,'','2024-12-13 12:57:27',NULL,'Absent'),(23,'Yeasts and Mould, cfu per g',4,NULL,0.00,0.00,'cfu',0,'microbiological',0.00,'','2024-12-13 12:57:27',NULL,'10 4'),(24,'Clostridium perfringens, cfu per g',4,NULL,0.00,0.00,'cfu',0,'microbiological',0.00,'','2024-12-13 12:57:27',NULL,'10 2'),(25,'Acid insoluble Ash % by mass (dry basis) max.',4,NULL,0.00,0.00,'%',0,'microbiological',0.00,'','2024-12-13 12:57:27',NULL,'0.5'),(26,'Total soluble Ash % by mass(dry basis) max.',4,NULL,0.00,0.00,'%',0,'microbiological',0.00,'','2024-12-13 12:57:27',NULL,'5.5'),(27,'Moisture content% by mass max. (ground)',4,NULL,0.00,0.00,'%',0,'microbiological',0.00,'','2024-12-13 12:57:27',NULL,'8'),(28,'Total coliforms, cfu per g',5,NULL,0.00,0.00,'cfu',0,'microbiological',0.00,'','2024-12-13 12:58:40',NULL,'X2'),(29,'Presumptive Escherichia coli, cfu per g',5,NULL,0.00,0.00,'cfu',0,'microbiological',0.00,'','2024-12-13 12:58:40',NULL,'10 2'),(30,'Coagulase-positive staphylococcus aureus, cfu per g',5,NULL,0.00,0.00,'cfu',0,'microbiological',0.00,'','2024-12-13 12:58:40',NULL,'Absent'),(31,'Salmonella spp cfu per 25g',5,NULL,0.00,0.00,'cfu',0,'microbiological',0.00,'','2024-12-13 12:58:40',NULL,'Absent'),(32,'Yeasts and Mould, cfu per g',5,NULL,0.00,0.00,'cfu',0,'microbiological',0.00,'','2024-12-13 12:58:40',NULL,'10 4'),(33,'Clostridium perfringens, cfu per g',5,NULL,0.00,0.00,'cfu',0,'microbiological',0.00,'','2024-12-13 12:58:41',NULL,'10 2'),(34,'Acid insoluble Ash % by mass (dry basis) max.',5,NULL,0.00,0.00,'%',0,'microbiological',0.00,'','2024-12-13 12:58:41',NULL,'0.5'),(35,'Total soluble Ash % by mass(dry basis) max.',5,NULL,0.00,0.00,'%',0,'microbiological',0.00,'','2024-12-13 12:58:41',NULL,'5.5'),(36,'Moisture content% by mass max. (ground)',5,NULL,0.00,0.00,'%',0,'microbiological',0.00,'','2024-12-13 12:58:41',NULL,'8'),(37,'Total coliforms, cfu per g',9,NULL,0.00,0.00,'cfu',0,'microbiological',0.00,'','2024-12-13 13:04:21',NULL,'X2'),(38,'Presumptive Escherichia coli, cfu per g',9,NULL,0.00,0.00,'cfu',0,'microbiological',0.00,'','2024-12-13 13:04:21',NULL,'10 2'),(39,'Coagulase-positive staphylococcus aureus, cfu per g',9,NULL,0.00,0.00,'cfu',0,'microbiological',0.00,'','2024-12-13 13:04:21',NULL,'Absent'),(40,'Salmonella spp cfu per 25g',9,NULL,0.00,0.00,'cfu',0,'microbiological',0.00,'','2024-12-13 13:04:21',NULL,'Absent'),(41,'Yeasts and Mould, cfu per g',9,NULL,0.00,0.00,'cfu',0,'microbiological',0.00,'','2024-12-13 13:04:21',NULL,'10 4'),(42,'Clostridium perfringens, cfu per g',9,NULL,0.00,0.00,'cfu',0,'microbiological',0.00,'','2024-12-13 13:04:21',NULL,'10 2'),(43,'Acid insoluble Ash % by mass (dry basis) max.',9,NULL,0.00,0.00,'%',0,'microbiological',0.00,'','2024-12-13 13:04:21',NULL,'0.5'),(44,'Total soluble Ash % by mass(dry basis) max.',9,NULL,0.00,0.00,'%',0,'microbiological',0.00,'','2024-12-13 13:04:21',NULL,'5.5'),(45,'Moisture content% by mass max. (ground)',9,NULL,0.00,0.00,'%',0,'microbiological',0.00,'','2024-12-13 13:04:22',NULL,'8'),(46,'Total coliforms, cfu per g',7,NULL,0.00,0.00,'cfu',0,'microbiological',0.00,'','2024-12-13 13:11:04',NULL,'X2'),(47,'Presumptive Escherichia coli, cfu per g',7,NULL,0.00,0.00,'cfu',0,'microbiological',0.00,'','2024-12-13 13:11:04',NULL,'10 2'),(48,'Coagulase-positive staphylococcus aureus, cfu per g',7,NULL,0.00,0.00,'cfu',0,'microbiological',0.00,'','2024-12-13 13:11:04',NULL,'Absent'),(49,'Salmonella spp cfu per 25g',7,NULL,0.00,0.00,'cfu',0,'microbiological',0.00,'','2024-12-13 13:11:04',NULL,'Absent'),(50,'Yeasts and Mould, cfu per g',7,NULL,0.00,0.00,'cfu',0,'microbiological',0.00,'','2024-12-13 13:11:04',NULL,'10 4'),(51,'Clostridium perfringens, cfu per g',7,NULL,0.00,0.00,'cfu',0,'microbiological',0.00,'','2024-12-13 13:11:04',NULL,'10 2'),(52,'Acid insoluble Ash % by mass (dry basis) max.',7,NULL,0.00,0.00,'%',0,'microbiological',0.00,'','2024-12-13 13:11:05',NULL,'0.5'),(53,'Total soluble Ash % by mass(dry basis) max.',7,NULL,0.00,0.00,'%',0,'microbiological',0.00,'','2024-12-13 13:11:05',NULL,'5.5'),(54,'Moisture content% by mass max. (ground)',7,NULL,0.00,0.00,'%',0,'microbiological',0.00,'','2024-12-13 13:11:05',NULL,'8'),(55,'Total coliforms, cfu per g',3,NULL,0.00,0.00,'cfu',0,'microbiological',0.00,'','2024-12-13 13:15:44',NULL,'X2'),(56,'Presumptive Escherichia coli, cfu per g',3,NULL,0.00,0.00,'cfu',0,'microbiological',0.00,'','2024-12-13 13:15:44',NULL,'10 2'),(57,'Coagulase-positive staphylococcus aureus, cfu per g',3,NULL,0.00,0.00,'cfu',0,'microbiological',0.00,'','2024-12-13 13:15:44',NULL,'Absent'),(58,'Salmonella spp cfu per 25g',3,NULL,0.00,0.00,'cfu',0,'microbiological',0.00,'','2024-12-13 13:15:44',NULL,'Absent'),(59,'Yeasts and Mould, cfu per g',3,NULL,0.00,0.00,'cfu',0,'microbiological',0.00,'','2024-12-13 13:15:44',NULL,'10 4'),(60,'Clostridium perfringens, cfu per g',3,NULL,0.00,0.00,'cfu',0,'microbiological',0.00,'','2024-12-13 13:15:44',NULL,'10 2'),(61,'Acid insoluble Ash % by mass (dry basis) max.',3,NULL,0.00,0.00,'%',0,'microbiological',0.00,'','2024-12-13 13:15:44',NULL,'0.5'),(62,'Total soluble Ash % by mass(dry basis) max.',3,NULL,0.00,0.00,'%',0,'microbiological',0.00,'','2024-12-13 13:15:44',NULL,'5.5'),(63,'Moisture content% by mass max. (ground)',3,NULL,0.00,0.00,'%',0,'microbiological',0.00,'','2024-12-13 13:15:45',NULL,'8'),(64,'Total coliforms, cfu per g',6,NULL,0.00,0.00,'cfu',0,'microbiological',0.00,'','2024-12-13 13:18:06',NULL,'X2'),(65,'Presumptive Escherichia coli, cfu per g',6,NULL,0.00,0.00,'cfu',0,'microbiological',0.00,'','2024-12-13 13:18:06',NULL,'10 2'),(66,'Coagulase-positive staphylococcus aureus, cfu per g',6,NULL,0.00,0.00,'cfu',0,'microbiological',0.00,'','2024-12-13 13:18:06',NULL,'Absent'),(67,'Salmonella spp cfu per 25g',6,NULL,0.00,0.00,'cfu',0,'microbiological',0.00,'','2024-12-13 13:18:06',NULL,'Absent'),(68,'Yeasts and Mould, cfu per g',6,NULL,0.00,0.00,'cfu',0,'microbiological',0.00,'','2024-12-13 13:18:06',NULL,'10 4'),(69,'Clostridium perfringens, cfu per g',6,NULL,0.00,0.00,'cfu',0,'microbiological',0.00,'','2024-12-13 13:18:06',NULL,'10 2'),(70,'Acid insoluble Ash % by mass (dry basis) max.',6,NULL,0.00,0.00,'%',0,'microbiological',0.00,'','2024-12-13 13:18:07',NULL,'0.5'),(71,'Total soluble Ash % by mass(dry basis) max.',6,NULL,0.00,0.00,'%',0,'microbiological',0.00,'','2024-12-13 13:18:07',NULL,'5.5'),(72,'Moisture content% by mass max. (ground)',6,NULL,0.00,0.00,'%',0,'microbiological',0.00,'','2024-12-13 13:18:07',NULL,'8'),(73,'Total coliforms, cfu per g',11,NULL,0.00,0.00,'cfu',0,'microbiological',0.00,'','2024-12-13 13:23:59',NULL,'X2'),(74,'Presumptive Escherichia coli, cfu per g',11,NULL,0.00,0.00,'cfu',0,'microbiological',0.00,'','2024-12-13 13:23:59',NULL,'10 2'),(75,'Coagulase-positive staphylococcus aureus, cfu per g',11,NULL,0.00,0.00,'cfu',0,'microbiological',0.00,'','2024-12-13 13:23:59',NULL,'Absent'),(76,'Salmonella spp cfu per 25g',11,NULL,0.00,0.00,'cfu',0,'microbiological',0.00,'','2024-12-13 13:23:59',NULL,'Absent'),(77,'Yeasts and Mould, cfu per g',11,NULL,0.00,0.00,'cfu',0,'microbiological',0.00,'','2024-12-13 13:23:59',NULL,'10 4'),(78,'Clostridium perfringens, cfu per g',11,NULL,0.00,0.00,'cfu',0,'microbiological',0.00,'','2024-12-13 13:23:59',NULL,'10 2'),(79,'Acid insoluble Ash % by mass (dry basis) max.',11,NULL,0.00,0.00,'%',0,'microbiological',0.00,'','2024-12-13 13:23:59',NULL,'0.5'),(80,'Total soluble Ash % by mass(dry basis) max.',11,NULL,0.00,0.00,'%',0,'microbiological',0.00,'','2024-12-13 13:23:59',NULL,'5.5'),(81,'Moisture content% by mass max. (ground)',11,NULL,0.00,0.00,'%',0,'microbiological',0.00,'','2024-12-13 13:24:00',NULL,'8');
/*!40000 ALTER TABLE `testparameters` ENABLE KEYS */;
UNLOCK TABLES;

--
-- Table structure for table `teststandards`
--

DROP TABLE IF EXISTS `teststandards`;
/*!40101 SET @saved_cs_client     = @@character_set_client */;
/*!50503 SET character_set_client = utf8mb4 */;
CREATE TABLE `teststandards` (
  `StandardID` int NOT NULL AUTO_INCREMENT,
  `StandardName` varchar(255) NOT NULL,
  `Description` text,
  `ApplicableRegulation` varchar(255) DEFAULT NULL,
  `CreatedAt` datetime DEFAULT CURRENT_TIMESTAMP,
  `UpdatedAt` datetime DEFAULT NULL ON UPDATE CURRENT_TIMESTAMP,
  `StandardCode` varchar(100) DEFAULT NULL,
  PRIMARY KEY (`StandardID`)
) ENGINE=InnoDB AUTO_INCREMENT=19 DEFAULT CHARSET=utf8mb4 COLLATE=utf8mb4_0900_ai_ci;
/*!40101 SET character_set_client = @saved_cs_client */;

--
-- Dumping data for table `teststandards`
--

LOCK TABLES `teststandards` WRITE;
/*!40000 ALTER TABLE `teststandards` DISABLE KEYS */;
INSERT INTO `teststandards` VALUES (1,'MILKi','<p>uuuuuukkk</p>','<p>jjjjjjj</p>','2024-12-04 01:50:29','2024-12-11 05:50:34','0111'),(2,'Compressed air','<p>jjjj</p>','<p>ppp</p>','2024-12-05 04:05:01','2024-12-09 00:45:48','ISO 8573-1:2010'),(3,'Compressed air','<p>5</p>','<p>Dew point</p>','2024-12-05 04:05:01','2024-12-09 00:45:56','ISO 8573-1:2010'),(4,'Compressed air','4','Total Oil, mg/Nm3','2024-12-05 04:05:01',NULL,'ISO 8573-1:2010'),(5,'Compressed air','5','Solid particulates 0.1-0.5','2024-12-05 04:05:01',NULL,'ISO 8573-1:2010'),(6,'Compressed air','6','Solid particulates 0.5-1.0','2024-12-05 04:05:01',NULL,'ISO 8573-1:2010'),(7,'Compressed air','7','Solid particulates 1.0-5.0','2024-12-05 04:05:01',NULL,'ISO 8573-1:2010'),(9,'KS ISO 5560:1998 Specification for dehydrated garlic (Allium sativum L.)','2','Total coliforms, cfu per g','2024-12-11 00:29:11',NULL,'KS ISO 5560:1998 '),(10,'KS ISO 5560:1998 Specification for dehydrated garlic (Allium sativum L.)','3','Presumptive Escherichia coli, cfu per g','2024-12-11 00:29:12',NULL,'KS ISO 5560:1998 '),(11,'KS ISO 5560:1998 Specification for dehydrated garlic (Allium sativum L.)','4','Coagulase-positive staphylococcus aureus, cfu per g','2024-12-11 00:29:12',NULL,'KS ISO 5560:1998 '),(12,'KS ISO 5560:1998 Specification for dehydrated garlic (Allium sativum L.)','5','Salmonella spp cfu per 25g','2024-12-11 00:29:12',NULL,'KS ISO 5560:1998 '),(13,'KS ISO 5560:1998 Specification for dehydrated garlic (Allium sativum L.)','6','Yeasts and Mould, cfu per g','2024-12-11 00:29:12',NULL,'KS ISO 5560:1998 '),(14,'KS ISO 5560:1998 Specification for dehydrated garlic (Allium sativum L.)','7','Clostridium perfringens, cfu per g','2024-12-11 00:29:12',NULL,'KS ISO 5560:1998 '),(15,'KS ISO 5560:1998 Specification for dehydrated garlic (Allium sativum L.)','8','Acid insoluble Ash % by mass (dry basis) max.','2024-12-11 00:29:12',NULL,'KS ISO 5560:1998 '),(16,'KS ISO 5560:1998 Specification for dehydrated garlic (Allium sativum L.)','9','Total soluble Ash % by mass(dry basis) max.','2024-12-11 00:29:12',NULL,'KS ISO 5560:1998 '),(17,'KS ISO 5560:1998 Specification for dehydrated garlic (Allium sativum L.)','10','Moisture content% by mass max. (ground)','2024-12-11 00:29:13',NULL,'KS ISO 5560:1998 '),(18,'','','','2024-12-11 00:29:13',NULL,'');
/*!40000 ALTER TABLE `teststandards` ENABLE KEYS */;
UNLOCK TABLES;

--
-- Table structure for table `users`
--

DROP TABLE IF EXISTS `users`;
/*!40101 SET @saved_cs_client     = @@character_set_client */;
/*!50503 SET character_set_client = utf8mb4 */;
CREATE TABLE `users` (
  `user_id` int NOT NULL AUTO_INCREMENT,
  `username` varchar(255) NOT NULL,
  `telephone` varchar(12) DEFAULT NULL,
  `password_hash` varchar(255) NOT NULL,
  `email` varchar(255) NOT NULL,
  `role` int NOT NULL DEFAULT '10',
  `status` enum('active','inactive','banned') DEFAULT 'active',
  `full_name` varchar(255) NOT NULL,
  `created_at` timestamp NULL DEFAULT CURRENT_TIMESTAMP,
  PRIMARY KEY (`user_id`),
  UNIQUE KEY `username` (`username`),
  UNIQUE KEY `email` (`email`)
) ENGINE=InnoDB AUTO_INCREMENT=12 DEFAULT CHARSET=utf8mb4 COLLATE=utf8mb4_0900_ai_ci;
/*!40101 SET character_set_client = @saved_cs_client */;

--
-- Dumping data for table `users`
--

LOCK TABLES `users` WRITE;
/*!40000 ALTER TABLE `users` DISABLE KEYS */;
INSERT INTO `users` VALUES (10,'admin','0725999521','$2y$10$l3sXG/5T3lwyk0DVrAoiR.QS3CmEfqKoLVyrAhaQzjr5tbwYiTYre','jonathankiranga@gmail.com',10,'active','Jonathan Karimi Kiranga','2024-12-17 15:01:25'),(11,'labuser','0725999521','$2y$10$NLH4PpLfPg6nz5DcoCyBe.1TSurFOJcSvXGOSX7ob9eUuNUs4y0qW','info@team-software.africa',10,'active','jonathan karimi kiranga','2024-12-20 19:53:57');
/*!40000 ALTER TABLE `users` ENABLE KEYS */;
UNLOCK TABLES;
/*!40103 SET TIME_ZONE=@OLD_TIME_ZONE */;

/*!40101 SET SQL_MODE=@OLD_SQL_MODE */;
/*!40014 SET FOREIGN_KEY_CHECKS=@OLD_FOREIGN_KEY_CHECKS */;
/*!40014 SET UNIQUE_CHECKS=@OLD_UNIQUE_CHECKS */;
/*!40101 SET CHARACTER_SET_CLIENT=@OLD_CHARACTER_SET_CLIENT */;
/*!40101 SET CHARACTER_SET_RESULTS=@OLD_CHARACTER_SET_RESULTS */;
/*!40101 SET COLLATION_CONNECTION=@OLD_COLLATION_CONNECTION */;
/*!40111 SET SQL_NOTES=@OLD_SQL_NOTES */;

-- Dump completed on 2024-12-22 22:48:32
